--------------------------------------------------------
--  File created - Monday-January-21-2019   
--------------------------------------------------------
--------------------------------------------------------
--  DDL for View ACCOUNTS_WITH_TYPES_VW
--------------------------------------------------------

  CREATE OR REPLACE FORCE VIEW "PROJECT0"."ACCOUNTS_WITH_TYPES_VW" ("ACCOUNT_ID", "NICK_NAME", "BALANCE", "TYPE_ID", "TYPE_NAME", "UPDATED_BY", "USER_ID") AS 
  SELECT 
    a.account_id, a.nick_name, a.balance, t.TYPE_ID, t.TYPE_NAME, a.updated_by, a.user_id
FROM 
    ACCOUNTS a
    JOIN TYPES t
    ON a.TYPE_ID = t.TYPE_ID
;
--------------------------------------------------------
--  DDL for View USERS_WITH_ACCESS_VW
--------------------------------------------------------

  CREATE OR REPLACE FORCE VIEW "PROJECT0"."USERS_WITH_ACCESS_VW" ("USER_ID", "USER_NAME", "PASSWORD", "FIRST_NAME", "LAST_NAME", "ACCESS_NAME") AS 
  SELECT  
    u.user_id, u.user_name, u.password, u.first_name, u.last_name, al.ACCESS_NAME
FROM USERS u
    JOIN ACCESS_USERS au
    ON u.USER_ID = au.USER_ID
    JOIN ACCESS_LEVEL al
    ON au.ACCESS_ID = al.ACCESS_ID
ORDER BY u.user_id
;
--------------------------------------------------------
--  DDL for Table ACCESS_LEVEL
--------------------------------------------------------

  CREATE TABLE "PROJECT0"."ACCESS_LEVEL" 
   (	"ACCESS_ID" NUMBER, 
	"ACCESS_NAME" VARCHAR2(25 BYTE)
   ) SEGMENT CREATION IMMEDIATE 
  PCTFREE 10 PCTUSED 40 INITRANS 1 MAXTRANS 255 
 NOCOMPRESS LOGGING
  STORAGE(INITIAL 65536 NEXT 1048576 MINEXTENTS 1 MAXEXTENTS 2147483645
  PCTINCREASE 0 FREELISTS 1 FREELIST GROUPS 1
  BUFFER_POOL DEFAULT FLASH_CACHE DEFAULT CELL_FLASH_CACHE DEFAULT)
  TABLESPACE "USERS" ;
--------------------------------------------------------
--  DDL for Table ACCESS_USERS
--------------------------------------------------------

  CREATE TABLE "PROJECT0"."ACCESS_USERS" 
   (	"ACCESS_ID" NUMBER, 
	"USER_ID" NUMBER
   ) SEGMENT CREATION IMMEDIATE 
  PCTFREE 10 PCTUSED 40 INITRANS 1 MAXTRANS 255 
 NOCOMPRESS LOGGING
  STORAGE(INITIAL 65536 NEXT 1048576 MINEXTENTS 1 MAXEXTENTS 2147483645
  PCTINCREASE 0 FREELISTS 1 FREELIST GROUPS 1
  BUFFER_POOL DEFAULT FLASH_CACHE DEFAULT CELL_FLASH_CACHE DEFAULT)
  TABLESPACE "USERS" ;
--------------------------------------------------------
--  DDL for Table ACCOUNTS
--------------------------------------------------------

  CREATE TABLE "PROJECT0"."ACCOUNTS" 
   (	"ACCOUNT_ID" NUMBER, 
	"NICK_NAME" VARCHAR2(25 BYTE), 
	"BALANCE" NUMBER, 
	"TYPE_ID" NUMBER, 
	"UPDATED_BY" NUMBER, 
	"USER_ID" NUMBER
   ) SEGMENT CREATION IMMEDIATE 
  PCTFREE 10 PCTUSED 40 INITRANS 1 MAXTRANS 255 
 NOCOMPRESS LOGGING
  STORAGE(INITIAL 65536 NEXT 1048576 MINEXTENTS 1 MAXEXTENTS 2147483645
  PCTINCREASE 0 FREELISTS 1 FREELIST GROUPS 1
  BUFFER_POOL DEFAULT FLASH_CACHE DEFAULT CELL_FLASH_CACHE DEFAULT)
  TABLESPACE "USERS" ;
--------------------------------------------------------
--  DDL for Table ACCOUNT_ACTIVITY_LOG
--------------------------------------------------------

  CREATE TABLE "PROJECT0"."ACCOUNT_ACTIVITY_LOG" 
   (	"EVENT_ID" NUMBER, 
	"ACCOUNT_ID" NUMBER, 
	"EVENT_TYPE" VARCHAR2(20 BYTE), 
	"DONE_BY" NUMBER, 
	"EVENT_TIME" TIMESTAMP (6)
   ) SEGMENT CREATION IMMEDIATE 
  PCTFREE 10 PCTUSED 40 INITRANS 1 MAXTRANS 255 
 NOCOMPRESS LOGGING
  STORAGE(INITIAL 65536 NEXT 1048576 MINEXTENTS 1 MAXEXTENTS 2147483645
  PCTINCREASE 0 FREELISTS 1 FREELIST GROUPS 1
  BUFFER_POOL DEFAULT FLASH_CACHE DEFAULT CELL_FLASH_CACHE DEFAULT)
  TABLESPACE "USERS" ;
--------------------------------------------------------
--  DDL for Table TRANSACTION_LOG
--------------------------------------------------------

  CREATE TABLE "PROJECT0"."TRANSACTION_LOG" 
   (	"TRANSACTION_ID" NUMBER, 
	"FROM_ACCOUNT" NUMBER, 
	"OLD_BALANCE" NUMBER, 
	"NEW_BALANCE" NUMBER, 
	"DONE_BY" NUMBER, 
	"EVENT_TIME" TIMESTAMP (6)
   ) SEGMENT CREATION IMMEDIATE 
  PCTFREE 10 PCTUSED 40 INITRANS 1 MAXTRANS 255 
 NOCOMPRESS LOGGING
  STORAGE(INITIAL 65536 NEXT 1048576 MINEXTENTS 1 MAXEXTENTS 2147483645
  PCTINCREASE 0 FREELISTS 1 FREELIST GROUPS 1
  BUFFER_POOL DEFAULT FLASH_CACHE DEFAULT CELL_FLASH_CACHE DEFAULT)
  TABLESPACE "USERS" ;
--------------------------------------------------------
--  DDL for Table TYPES
--------------------------------------------------------

  CREATE TABLE "PROJECT0"."TYPES" 
   (	"TYPE_ID" NUMBER, 
	"TYPE_NAME" VARCHAR2(25 BYTE)
   ) SEGMENT CREATION IMMEDIATE 
  PCTFREE 10 PCTUSED 40 INITRANS 1 MAXTRANS 255 
 NOCOMPRESS LOGGING
  STORAGE(INITIAL 65536 NEXT 1048576 MINEXTENTS 1 MAXEXTENTS 2147483645
  PCTINCREASE 0 FREELISTS 1 FREELIST GROUPS 1
  BUFFER_POOL DEFAULT FLASH_CACHE DEFAULT CELL_FLASH_CACHE DEFAULT)
  TABLESPACE "USERS" ;
--------------------------------------------------------
--  DDL for Table USERS
--------------------------------------------------------

  CREATE TABLE "PROJECT0"."USERS" 
   (	"USER_ID" NUMBER, 
	"USER_NAME" VARCHAR2(25 BYTE), 
	"PASSWORD" VARCHAR2(50 BYTE), 
	"FIRST_NAME" VARCHAR2(20 BYTE), 
	"LAST_NAME" VARCHAR2(20 BYTE), 
	"UPDATED_BY" NUMBER
   ) SEGMENT CREATION IMMEDIATE 
  PCTFREE 10 PCTUSED 40 INITRANS 1 MAXTRANS 255 
 NOCOMPRESS LOGGING
  STORAGE(INITIAL 65536 NEXT 1048576 MINEXTENTS 1 MAXEXTENTS 2147483645
  PCTINCREASE 0 FREELISTS 1 FREELIST GROUPS 1
  BUFFER_POOL DEFAULT FLASH_CACHE DEFAULT CELL_FLASH_CACHE DEFAULT)
  TABLESPACE "USERS" ;
--------------------------------------------------------
--  DDL for Table USER_ACTIVITY_LOG
--------------------------------------------------------

  CREATE TABLE "PROJECT0"."USER_ACTIVITY_LOG" 
   (	"EVENT_ID" NUMBER, 
	"USER_ID" NUMBER, 
	"EVENT_TYPE" VARCHAR2(20 BYTE), 
	"DONE_BY" NUMBER, 
	"EVENT_TIME" TIMESTAMP (6)
   ) SEGMENT CREATION IMMEDIATE 
  PCTFREE 10 PCTUSED 40 INITRANS 1 MAXTRANS 255 
 NOCOMPRESS LOGGING
  STORAGE(INITIAL 65536 NEXT 1048576 MINEXTENTS 1 MAXEXTENTS 2147483645
  PCTINCREASE 0 FREELISTS 1 FREELIST GROUPS 1
  BUFFER_POOL DEFAULT FLASH_CACHE DEFAULT CELL_FLASH_CACHE DEFAULT)
  TABLESPACE "USERS" ;
--------------------------------------------------------
--  DDL for Sequence ACCOUNT_ACTIVITY_LOG_SEQUENCE
--------------------------------------------------------

   CREATE SEQUENCE  "PROJECT0"."ACCOUNT_ACTIVITY_LOG_SEQUENCE"  MINVALUE 1 MAXVALUE 9999999999999999999999999999 INCREMENT BY 1 START WITH 81 CACHE 20 NOORDER  NOCYCLE ;
--------------------------------------------------------
--  DDL for Sequence ACCOUNT_SEQUENCE
--------------------------------------------------------

   CREATE SEQUENCE  "PROJECT0"."ACCOUNT_SEQUENCE"  MINVALUE 1000000000 MAXVALUE 9999999999999999999999999999 INCREMENT BY 1 START WITH 1000000060 CACHE 20 NOORDER  NOCYCLE ;
--------------------------------------------------------
--  DDL for Sequence TRANSACTION_LOG_SEQUENCE
--------------------------------------------------------

   CREATE SEQUENCE  "PROJECT0"."TRANSACTION_LOG_SEQUENCE"  MINVALUE 1 MAXVALUE 9999999999999999999999999999 INCREMENT BY 1 START WITH 61 CACHE 20 NOORDER  NOCYCLE ;
--------------------------------------------------------
--  DDL for Sequence USER_ACTIVITY_LOG_SEQUENCE
--------------------------------------------------------

   CREATE SEQUENCE  "PROJECT0"."USER_ACTIVITY_LOG_SEQUENCE"  MINVALUE 1 MAXVALUE 9999999999999999999999999999 INCREMENT BY 1 START WITH 201 CACHE 20 NOORDER  NOCYCLE ;
--------------------------------------------------------
--  DDL for Sequence USER_SEQUENCE
--------------------------------------------------------

   CREATE SEQUENCE  "PROJECT0"."USER_SEQUENCE"  MINVALUE 100 MAXVALUE 9999999999999999999999999999 INCREMENT BY 1 START WITH 280 CACHE 20 NOORDER  NOCYCLE ;
REM INSERTING into PROJECT0.ACCESS_LEVEL
SET DEFINE OFF;
Insert into PROJECT0.ACCESS_LEVEL (ACCESS_ID,ACCESS_NAME) values (2,'Manager');
Insert into PROJECT0.ACCESS_LEVEL (ACCESS_ID,ACCESS_NAME) values (1,'Super');
Insert into PROJECT0.ACCESS_LEVEL (ACCESS_ID,ACCESS_NAME) values (3,'Teller');
Insert into PROJECT0.ACCESS_LEVEL (ACCESS_ID,ACCESS_NAME) values (4,'User');
REM INSERTING into PROJECT0.ACCESS_USERS
SET DEFINE OFF;
Insert into PROJECT0.ACCESS_USERS (ACCESS_ID,USER_ID) values (4,196);
Insert into PROJECT0.ACCESS_USERS (ACCESS_ID,USER_ID) values (1,101);
Insert into PROJECT0.ACCESS_USERS (ACCESS_ID,USER_ID) values (4,101);
Insert into PROJECT0.ACCESS_USERS (ACCESS_ID,USER_ID) values (4,103);
REM INSERTING into PROJECT0.ACCOUNTS
SET DEFINE OFF;
Insert into PROJECT0.ACCOUNTS (ACCOUNT_ID,NICK_NAME,BALANCE,TYPE_ID,UPDATED_BY,USER_ID) values (1000000050,'test',0,1,101,101);
Insert into PROJECT0.ACCOUNTS (ACCOUNT_ID,NICK_NAME,BALANCE,TYPE_ID,UPDATED_BY,USER_ID) values (1000000028,'test',100,1,103,103);
Insert into PROJECT0.ACCOUNTS (ACCOUNT_ID,NICK_NAME,BALANCE,TYPE_ID,UPDATED_BY,USER_ID) values (1000000029,'test1',10000,2,103,103);
Insert into PROJECT0.ACCOUNTS (ACCOUNT_ID,NICK_NAME,BALANCE,TYPE_ID,UPDATED_BY,USER_ID) values (1000000045,'test',0,1,101,101);
Insert into PROJECT0.ACCOUNTS (ACCOUNT_ID,NICK_NAME,BALANCE,TYPE_ID,UPDATED_BY,USER_ID) values (1000000044,'test',0,1,101,101);
Insert into PROJECT0.ACCOUNTS (ACCOUNT_ID,NICK_NAME,BALANCE,TYPE_ID,UPDATED_BY,USER_ID) values (1000000046,'test',0,1,101,101);
Insert into PROJECT0.ACCOUNTS (ACCOUNT_ID,NICK_NAME,BALANCE,TYPE_ID,UPDATED_BY,USER_ID) values (1000000049,'test',0,1,101,101);
Insert into PROJECT0.ACCOUNTS (ACCOUNT_ID,NICK_NAME,BALANCE,TYPE_ID,UPDATED_BY,USER_ID) values (1000000051,'test',0,1,101,101);
Insert into PROJECT0.ACCOUNTS (ACCOUNT_ID,NICK_NAME,BALANCE,TYPE_ID,UPDATED_BY,USER_ID) values (1000000052,'test',0,1,101,101);
Insert into PROJECT0.ACCOUNTS (ACCOUNT_ID,NICK_NAME,BALANCE,TYPE_ID,UPDATED_BY,USER_ID) values (1000000053,'test',0,1,101,101);
Insert into PROJECT0.ACCOUNTS (ACCOUNT_ID,NICK_NAME,BALANCE,TYPE_ID,UPDATED_BY,USER_ID) values (1000000054,'test',0,1,101,101);
Insert into PROJECT0.ACCOUNTS (ACCOUNT_ID,NICK_NAME,BALANCE,TYPE_ID,UPDATED_BY,USER_ID) values (1000000047,'test',0,1,101,101);
Insert into PROJECT0.ACCOUNTS (ACCOUNT_ID,NICK_NAME,BALANCE,TYPE_ID,UPDATED_BY,USER_ID) values (1000000048,'test',0,1,101,101);
REM INSERTING into PROJECT0.ACCOUNT_ACTIVITY_LOG
SET DEFINE OFF;
Insert into PROJECT0.ACCOUNT_ACTIVITY_LOG (EVENT_ID,ACCOUNT_ID,EVENT_TYPE,DONE_BY,EVENT_TIME) values (22,1000000022,'INSERT',101,to_timestamp('21-JAN-19 02.36.32.000000000 PM','DD-MON-RR HH.MI.SSXFF AM'));
Insert into PROJECT0.ACCOUNT_ACTIVITY_LOG (EVENT_ID,ACCOUNT_ID,EVENT_TYPE,DONE_BY,EVENT_TIME) values (23,1000000022,'DELETE',101,to_timestamp('21-JAN-19 05.18.33.000000000 PM','DD-MON-RR HH.MI.SSXFF AM'));
Insert into PROJECT0.ACCOUNT_ACTIVITY_LOG (EVENT_ID,ACCOUNT_ID,EVENT_TYPE,DONE_BY,EVENT_TIME) values (24,1000000023,'INSERT',101,to_timestamp('21-JAN-19 05.25.00.000000000 PM','DD-MON-RR HH.MI.SSXFF AM'));
Insert into PROJECT0.ACCOUNT_ACTIVITY_LOG (EVENT_ID,ACCOUNT_ID,EVENT_TYPE,DONE_BY,EVENT_TIME) values (50,1000000041,'DELETE',101,to_timestamp('22-JAN-19 02.17.03.000000000 AM','DD-MON-RR HH.MI.SSXFF AM'));
Insert into PROJECT0.ACCOUNT_ACTIVITY_LOG (EVENT_ID,ACCOUNT_ID,EVENT_TYPE,DONE_BY,EVENT_TIME) values (51,1000000036,'DELETE',101,to_timestamp('22-JAN-19 02.17.03.000000000 AM','DD-MON-RR HH.MI.SSXFF AM'));
Insert into PROJECT0.ACCOUNT_ACTIVITY_LOG (EVENT_ID,ACCOUNT_ID,EVENT_TYPE,DONE_BY,EVENT_TIME) values (52,1000000034,'DELETE',101,to_timestamp('22-JAN-19 02.17.03.000000000 AM','DD-MON-RR HH.MI.SSXFF AM'));
Insert into PROJECT0.ACCOUNT_ACTIVITY_LOG (EVENT_ID,ACCOUNT_ID,EVENT_TYPE,DONE_BY,EVENT_TIME) values (53,1000000035,'DELETE',101,to_timestamp('22-JAN-19 02.17.03.000000000 AM','DD-MON-RR HH.MI.SSXFF AM'));
Insert into PROJECT0.ACCOUNT_ACTIVITY_LOG (EVENT_ID,ACCOUNT_ID,EVENT_TYPE,DONE_BY,EVENT_TIME) values (54,1000000037,'DELETE',101,to_timestamp('22-JAN-19 02.17.03.000000000 AM','DD-MON-RR HH.MI.SSXFF AM'));
Insert into PROJECT0.ACCOUNT_ACTIVITY_LOG (EVENT_ID,ACCOUNT_ID,EVENT_TYPE,DONE_BY,EVENT_TIME) values (55,1000000038,'DELETE',101,to_timestamp('22-JAN-19 02.17.03.000000000 AM','DD-MON-RR HH.MI.SSXFF AM'));
Insert into PROJECT0.ACCOUNT_ACTIVITY_LOG (EVENT_ID,ACCOUNT_ID,EVENT_TYPE,DONE_BY,EVENT_TIME) values (56,1000000039,'DELETE',101,to_timestamp('22-JAN-19 02.17.03.000000000 AM','DD-MON-RR HH.MI.SSXFF AM'));
Insert into PROJECT0.ACCOUNT_ACTIVITY_LOG (EVENT_ID,ACCOUNT_ID,EVENT_TYPE,DONE_BY,EVENT_TIME) values (57,1000000042,'DELETE',101,to_timestamp('22-JAN-19 02.17.15.000000000 AM','DD-MON-RR HH.MI.SSXFF AM'));
Insert into PROJECT0.ACCOUNT_ACTIVITY_LOG (EVENT_ID,ACCOUNT_ID,EVENT_TYPE,DONE_BY,EVENT_TIME) values (58,1000000043,'DELETE',101,to_timestamp('22-JAN-19 02.17.15.000000000 AM','DD-MON-RR HH.MI.SSXFF AM'));
Insert into PROJECT0.ACCOUNT_ACTIVITY_LOG (EVENT_ID,ACCOUNT_ID,EVENT_TYPE,DONE_BY,EVENT_TIME) values (59,1000000040,'DELETE',101,to_timestamp('22-JAN-19 02.20.33.000000000 AM','DD-MON-RR HH.MI.SSXFF AM'));
Insert into PROJECT0.ACCOUNT_ACTIVITY_LOG (EVENT_ID,ACCOUNT_ID,EVENT_TYPE,DONE_BY,EVENT_TIME) values (66,1000000050,'INSERT',101,to_timestamp('22-JAN-19 02.46.51.000000000 AM','DD-MON-RR HH.MI.SSXFF AM'));
Insert into PROJECT0.ACCOUNT_ACTIVITY_LOG (EVENT_ID,ACCOUNT_ID,EVENT_TYPE,DONE_BY,EVENT_TIME) values (29,1000000028,'INSERT',103,to_timestamp('21-JAN-19 08.18.56.000000000 PM','DD-MON-RR HH.MI.SSXFF AM'));
Insert into PROJECT0.ACCOUNT_ACTIVITY_LOG (EVENT_ID,ACCOUNT_ID,EVENT_TYPE,DONE_BY,EVENT_TIME) values (30,1000000029,'INSERT',103,to_timestamp('21-JAN-19 08.20.10.000000000 PM','DD-MON-RR HH.MI.SSXFF AM'));
Insert into PROJECT0.ACCOUNT_ACTIVITY_LOG (EVENT_ID,ACCOUNT_ID,EVENT_TYPE,DONE_BY,EVENT_TIME) values (31,1000000030,'INSERT',103,to_timestamp('21-JAN-19 08.20.52.000000000 PM','DD-MON-RR HH.MI.SSXFF AM'));
Insert into PROJECT0.ACCOUNT_ACTIVITY_LOG (EVENT_ID,ACCOUNT_ID,EVENT_TYPE,DONE_BY,EVENT_TIME) values (32,1000000031,'INSERT',103,to_timestamp('21-JAN-19 08.21.25.000000000 PM','DD-MON-RR HH.MI.SSXFF AM'));
Insert into PROJECT0.ACCOUNT_ACTIVITY_LOG (EVENT_ID,ACCOUNT_ID,EVENT_TYPE,DONE_BY,EVENT_TIME) values (38,1000000023,'DELETE',101,to_timestamp('22-JAN-19 01.33.40.000000000 AM','DD-MON-RR HH.MI.SSXFF AM'));
Insert into PROJECT0.ACCOUNT_ACTIVITY_LOG (EVENT_ID,ACCOUNT_ID,EVENT_TYPE,DONE_BY,EVENT_TIME) values (39,1000000032,'DELETE',101,to_timestamp('22-JAN-19 01.33.40.000000000 AM','DD-MON-RR HH.MI.SSXFF AM'));
Insert into PROJECT0.ACCOUNT_ACTIVITY_LOG (EVENT_ID,ACCOUNT_ID,EVENT_TYPE,DONE_BY,EVENT_TIME) values (46,1000000040,'INSERT',101,to_timestamp('22-JAN-19 02.15.09.000000000 AM','DD-MON-RR HH.MI.SSXFF AM'));
Insert into PROJECT0.ACCOUNT_ACTIVITY_LOG (EVENT_ID,ACCOUNT_ID,EVENT_TYPE,DONE_BY,EVENT_TIME) values (47,1000000041,'INSERT',101,to_timestamp('22-JAN-19 02.15.09.000000000 AM','DD-MON-RR HH.MI.SSXFF AM'));
Insert into PROJECT0.ACCOUNT_ACTIVITY_LOG (EVENT_ID,ACCOUNT_ID,EVENT_TYPE,DONE_BY,EVENT_TIME) values (48,1000000042,'INSERT',101,to_timestamp('22-JAN-19 02.15.56.000000000 AM','DD-MON-RR HH.MI.SSXFF AM'));
Insert into PROJECT0.ACCOUNT_ACTIVITY_LOG (EVENT_ID,ACCOUNT_ID,EVENT_TYPE,DONE_BY,EVENT_TIME) values (49,1000000043,'INSERT',101,to_timestamp('22-JAN-19 02.15.56.000000000 AM','DD-MON-RR HH.MI.SSXFF AM'));
Insert into PROJECT0.ACCOUNT_ACTIVITY_LOG (EVENT_ID,ACCOUNT_ID,EVENT_TYPE,DONE_BY,EVENT_TIME) values (60,1000000044,'INSERT',101,to_timestamp('22-JAN-19 02.20.42.000000000 AM','DD-MON-RR HH.MI.SSXFF AM'));
Insert into PROJECT0.ACCOUNT_ACTIVITY_LOG (EVENT_ID,ACCOUNT_ID,EVENT_TYPE,DONE_BY,EVENT_TIME) values (61,1000000045,'INSERT',101,to_timestamp('22-JAN-19 02.20.43.000000000 AM','DD-MON-RR HH.MI.SSXFF AM'));
Insert into PROJECT0.ACCOUNT_ACTIVITY_LOG (EVENT_ID,ACCOUNT_ID,EVENT_TYPE,DONE_BY,EVENT_TIME) values (62,1000000046,'INSERT',101,to_timestamp('22-JAN-19 02.21.45.000000000 AM','DD-MON-RR HH.MI.SSXFF AM'));
Insert into PROJECT0.ACCOUNT_ACTIVITY_LOG (EVENT_ID,ACCOUNT_ID,EVENT_TYPE,DONE_BY,EVENT_TIME) values (42,1000000036,'INSERT',101,to_timestamp('22-JAN-19 02.06.33.000000000 AM','DD-MON-RR HH.MI.SSXFF AM'));
Insert into PROJECT0.ACCOUNT_ACTIVITY_LOG (EVENT_ID,ACCOUNT_ID,EVENT_TYPE,DONE_BY,EVENT_TIME) values (40,1000000034,'INSERT',101,to_timestamp('22-JAN-19 02.05.58.000000000 AM','DD-MON-RR HH.MI.SSXFF AM'));
Insert into PROJECT0.ACCOUNT_ACTIVITY_LOG (EVENT_ID,ACCOUNT_ID,EVENT_TYPE,DONE_BY,EVENT_TIME) values (41,1000000035,'INSERT',101,to_timestamp('22-JAN-19 02.05.58.000000000 AM','DD-MON-RR HH.MI.SSXFF AM'));
Insert into PROJECT0.ACCOUNT_ACTIVITY_LOG (EVENT_ID,ACCOUNT_ID,EVENT_TYPE,DONE_BY,EVENT_TIME) values (43,1000000037,'INSERT',101,to_timestamp('22-JAN-19 02.06.33.000000000 AM','DD-MON-RR HH.MI.SSXFF AM'));
Insert into PROJECT0.ACCOUNT_ACTIVITY_LOG (EVENT_ID,ACCOUNT_ID,EVENT_TYPE,DONE_BY,EVENT_TIME) values (44,1000000038,'INSERT',101,to_timestamp('22-JAN-19 02.14.10.000000000 AM','DD-MON-RR HH.MI.SSXFF AM'));
Insert into PROJECT0.ACCOUNT_ACTIVITY_LOG (EVENT_ID,ACCOUNT_ID,EVENT_TYPE,DONE_BY,EVENT_TIME) values (45,1000000039,'INSERT',101,to_timestamp('22-JAN-19 02.14.10.000000000 AM','DD-MON-RR HH.MI.SSXFF AM'));
Insert into PROJECT0.ACCOUNT_ACTIVITY_LOG (EVENT_ID,ACCOUNT_ID,EVENT_TYPE,DONE_BY,EVENT_TIME) values (63,1000000047,'INSERT',101,to_timestamp('22-JAN-19 02.36.18.000000000 AM','DD-MON-RR HH.MI.SSXFF AM'));
Insert into PROJECT0.ACCOUNT_ACTIVITY_LOG (EVENT_ID,ACCOUNT_ID,EVENT_TYPE,DONE_BY,EVENT_TIME) values (64,1000000048,'INSERT',101,to_timestamp('22-JAN-19 02.44.10.000000000 AM','DD-MON-RR HH.MI.SSXFF AM'));
Insert into PROJECT0.ACCOUNT_ACTIVITY_LOG (EVENT_ID,ACCOUNT_ID,EVENT_TYPE,DONE_BY,EVENT_TIME) values (65,1000000049,'INSERT',101,to_timestamp('22-JAN-19 02.46.10.000000000 AM','DD-MON-RR HH.MI.SSXFF AM'));
Insert into PROJECT0.ACCOUNT_ACTIVITY_LOG (EVENT_ID,ACCOUNT_ID,EVENT_TYPE,DONE_BY,EVENT_TIME) values (67,1000000051,'INSERT',101,to_timestamp('22-JAN-19 02.46.55.000000000 AM','DD-MON-RR HH.MI.SSXFF AM'));
Insert into PROJECT0.ACCOUNT_ACTIVITY_LOG (EVENT_ID,ACCOUNT_ID,EVENT_TYPE,DONE_BY,EVENT_TIME) values (68,1000000052,'INSERT',101,to_timestamp('22-JAN-19 02.51.09.000000000 AM','DD-MON-RR HH.MI.SSXFF AM'));
Insert into PROJECT0.ACCOUNT_ACTIVITY_LOG (EVENT_ID,ACCOUNT_ID,EVENT_TYPE,DONE_BY,EVENT_TIME) values (69,1000000053,'INSERT',101,to_timestamp('22-JAN-19 02.58.38.000000000 AM','DD-MON-RR HH.MI.SSXFF AM'));
Insert into PROJECT0.ACCOUNT_ACTIVITY_LOG (EVENT_ID,ACCOUNT_ID,EVENT_TYPE,DONE_BY,EVENT_TIME) values (70,1000000054,'INSERT',101,to_timestamp('22-JAN-19 02.59.38.000000000 AM','DD-MON-RR HH.MI.SSXFF AM'));
Insert into PROJECT0.ACCOUNT_ACTIVITY_LOG (EVENT_ID,ACCOUNT_ID,EVENT_TYPE,DONE_BY,EVENT_TIME) values (33,1000000031,'DELETE',103,to_timestamp('21-JAN-19 09.29.08.000000000 PM','DD-MON-RR HH.MI.SSXFF AM'));
Insert into PROJECT0.ACCOUNT_ACTIVITY_LOG (EVENT_ID,ACCOUNT_ID,EVENT_TYPE,DONE_BY,EVENT_TIME) values (34,1000000030,'DELETE',103,to_timestamp('21-JAN-19 09.30.32.000000000 PM','DD-MON-RR HH.MI.SSXFF AM'));
Insert into PROJECT0.ACCOUNT_ACTIVITY_LOG (EVENT_ID,ACCOUNT_ID,EVENT_TYPE,DONE_BY,EVENT_TIME) values (35,1000000032,'INSERT',101,to_timestamp('21-JAN-19 09.34.53.000000000 PM','DD-MON-RR HH.MI.SSXFF AM'));
Insert into PROJECT0.ACCOUNT_ACTIVITY_LOG (EVENT_ID,ACCOUNT_ID,EVENT_TYPE,DONE_BY,EVENT_TIME) values (36,1000000033,'INSERT',101,to_timestamp('21-JAN-19 09.39.30.000000000 PM','DD-MON-RR HH.MI.SSXFF AM'));
Insert into PROJECT0.ACCOUNT_ACTIVITY_LOG (EVENT_ID,ACCOUNT_ID,EVENT_TYPE,DONE_BY,EVENT_TIME) values (37,1000000033,'DELETE',101,to_timestamp('21-JAN-19 09.39.53.000000000 PM','DD-MON-RR HH.MI.SSXFF AM'));
REM INSERTING into PROJECT0.TRANSACTION_LOG
SET DEFINE OFF;
Insert into PROJECT0.TRANSACTION_LOG (TRANSACTION_ID,FROM_ACCOUNT,OLD_BALANCE,NEW_BALANCE,DONE_BY,EVENT_TIME) values (37,1000000040,100,0,101,to_timestamp('22-JAN-19 02.19.53.000000000 AM','DD-MON-RR HH.MI.SSXFF AM'));
Insert into PROJECT0.TRANSACTION_LOG (TRANSACTION_ID,FROM_ACCOUNT,OLD_BALANCE,NEW_BALANCE,DONE_BY,EVENT_TIME) values (35,1000000029,1,10000,103,to_timestamp('22-JAN-19 02.15.08.000000000 AM','DD-MON-RR HH.MI.SSXFF AM'));
Insert into PROJECT0.TRANSACTION_LOG (TRANSACTION_ID,FROM_ACCOUNT,OLD_BALANCE,NEW_BALANCE,DONE_BY,EVENT_TIME) values (36,1000000029,10000,10000,103,to_timestamp('22-JAN-19 02.15.55.000000000 AM','DD-MON-RR HH.MI.SSXFF AM'));
Insert into PROJECT0.TRANSACTION_LOG (TRANSACTION_ID,FROM_ACCOUNT,OLD_BALANCE,NEW_BALANCE,DONE_BY,EVENT_TIME) values (38,1000000029,10000,10000,103,to_timestamp('22-JAN-19 02.20.40.000000000 AM','DD-MON-RR HH.MI.SSXFF AM'));
Insert into PROJECT0.TRANSACTION_LOG (TRANSACTION_ID,FROM_ACCOUNT,OLD_BALANCE,NEW_BALANCE,DONE_BY,EVENT_TIME) values (39,1000000029,10000,10000,103,to_timestamp('22-JAN-19 02.21.43.000000000 AM','DD-MON-RR HH.MI.SSXFF AM'));
Insert into PROJECT0.TRANSACTION_LOG (TRANSACTION_ID,FROM_ACCOUNT,OLD_BALANCE,NEW_BALANCE,DONE_BY,EVENT_TIME) values (41,1000000029,10000,10000,103,to_timestamp('22-JAN-19 02.44.09.000000000 AM','DD-MON-RR HH.MI.SSXFF AM'));
Insert into PROJECT0.TRANSACTION_LOG (TRANSACTION_ID,FROM_ACCOUNT,OLD_BALANCE,NEW_BALANCE,DONE_BY,EVENT_TIME) values (42,1000000029,10000,10000,103,to_timestamp('22-JAN-19 02.46.08.000000000 AM','DD-MON-RR HH.MI.SSXFF AM'));
Insert into PROJECT0.TRANSACTION_LOG (TRANSACTION_ID,FROM_ACCOUNT,OLD_BALANCE,NEW_BALANCE,DONE_BY,EVENT_TIME) values (34,1000000029,1,1,103,to_timestamp('22-JAN-19 02.14.09.000000000 AM','DD-MON-RR HH.MI.SSXFF AM'));
Insert into PROJECT0.TRANSACTION_LOG (TRANSACTION_ID,FROM_ACCOUNT,OLD_BALANCE,NEW_BALANCE,DONE_BY,EVENT_TIME) values (40,1000000029,10000,10000,103,to_timestamp('22-JAN-19 02.36.15.000000000 AM','DD-MON-RR HH.MI.SSXFF AM'));
Insert into PROJECT0.TRANSACTION_LOG (TRANSACTION_ID,FROM_ACCOUNT,OLD_BALANCE,NEW_BALANCE,DONE_BY,EVENT_TIME) values (43,1000000029,10000,10000,103,to_timestamp('22-JAN-19 02.46.45.000000000 AM','DD-MON-RR HH.MI.SSXFF AM'));
Insert into PROJECT0.TRANSACTION_LOG (TRANSACTION_ID,FROM_ACCOUNT,OLD_BALANCE,NEW_BALANCE,DONE_BY,EVENT_TIME) values (44,1000000029,10000,10000,103,to_timestamp('22-JAN-19 02.46.52.000000000 AM','DD-MON-RR HH.MI.SSXFF AM'));
Insert into PROJECT0.TRANSACTION_LOG (TRANSACTION_ID,FROM_ACCOUNT,OLD_BALANCE,NEW_BALANCE,DONE_BY,EVENT_TIME) values (45,1000000029,10000,10000,103,to_timestamp('22-JAN-19 02.51.08.000000000 AM','DD-MON-RR HH.MI.SSXFF AM'));
Insert into PROJECT0.TRANSACTION_LOG (TRANSACTION_ID,FROM_ACCOUNT,OLD_BALANCE,NEW_BALANCE,DONE_BY,EVENT_TIME) values (46,1000000029,10000,10000,103,to_timestamp('22-JAN-19 02.58.37.000000000 AM','DD-MON-RR HH.MI.SSXFF AM'));
Insert into PROJECT0.TRANSACTION_LOG (TRANSACTION_ID,FROM_ACCOUNT,OLD_BALANCE,NEW_BALANCE,DONE_BY,EVENT_TIME) values (47,1000000029,10000,10000,103,to_timestamp('22-JAN-19 02.59.37.000000000 AM','DD-MON-RR HH.MI.SSXFF AM'));
Insert into PROJECT0.TRANSACTION_LOG (TRANSACTION_ID,FROM_ACCOUNT,OLD_BALANCE,NEW_BALANCE,DONE_BY,EVENT_TIME) values (21,1000000029,1000,1100,103,to_timestamp('21-JAN-19 09.23.57.000000000 PM','DD-MON-RR HH.MI.SSXFF AM'));
Insert into PROJECT0.TRANSACTION_LOG (TRANSACTION_ID,FROM_ACCOUNT,OLD_BALANCE,NEW_BALANCE,DONE_BY,EVENT_TIME) values (22,1000000030,2000,1500,103,to_timestamp('21-JAN-19 09.26.12.000000000 PM','DD-MON-RR HH.MI.SSXFF AM'));
Insert into PROJECT0.TRANSACTION_LOG (TRANSACTION_ID,FROM_ACCOUNT,OLD_BALANCE,NEW_BALANCE,DONE_BY,EVENT_TIME) values (23,1000000031,300,200,103,to_timestamp('21-JAN-19 09.26.36.000000000 PM','DD-MON-RR HH.MI.SSXFF AM'));
Insert into PROJECT0.TRANSACTION_LOG (TRANSACTION_ID,FROM_ACCOUNT,OLD_BALANCE,NEW_BALANCE,DONE_BY,EVENT_TIME) values (24,1000000031,200,0,103,to_timestamp('21-JAN-19 09.28.02.000000000 PM','DD-MON-RR HH.MI.SSXFF AM'));
Insert into PROJECT0.TRANSACTION_LOG (TRANSACTION_ID,FROM_ACCOUNT,OLD_BALANCE,NEW_BALANCE,DONE_BY,EVENT_TIME) values (25,1000000029,1100,800,103,to_timestamp('21-JAN-19 09.29.41.000000000 PM','DD-MON-RR HH.MI.SSXFF AM'));
Insert into PROJECT0.TRANSACTION_LOG (TRANSACTION_ID,FROM_ACCOUNT,OLD_BALANCE,NEW_BALANCE,DONE_BY,EVENT_TIME) values (26,1000000030,1500,0,103,to_timestamp('21-JAN-19 09.30.19.000000000 PM','DD-MON-RR HH.MI.SSXFF AM'));
Insert into PROJECT0.TRANSACTION_LOG (TRANSACTION_ID,FROM_ACCOUNT,OLD_BALANCE,NEW_BALANCE,DONE_BY,EVENT_TIME) values (27,1000000029,800,1,103,to_timestamp('21-JAN-19 09.30.46.000000000 PM','DD-MON-RR HH.MI.SSXFF AM'));
Insert into PROJECT0.TRANSACTION_LOG (TRANSACTION_ID,FROM_ACCOUNT,OLD_BALANCE,NEW_BALANCE,DONE_BY,EVENT_TIME) values (28,1000000032,100000,99000,101,to_timestamp('21-JAN-19 09.37.51.000000000 PM','DD-MON-RR HH.MI.SSXFF AM'));
Insert into PROJECT0.TRANSACTION_LOG (TRANSACTION_ID,FROM_ACCOUNT,OLD_BALANCE,NEW_BALANCE,DONE_BY,EVENT_TIME) values (29,1000000023,100,0,101,to_timestamp('21-JAN-19 09.38.15.000000000 PM','DD-MON-RR HH.MI.SSXFF AM'));
Insert into PROJECT0.TRANSACTION_LOG (TRANSACTION_ID,FROM_ACCOUNT,OLD_BALANCE,NEW_BALANCE,DONE_BY,EVENT_TIME) values (30,1000000032,99000,89000,101,to_timestamp('21-JAN-19 09.38.36.000000000 PM','DD-MON-RR HH.MI.SSXFF AM'));
Insert into PROJECT0.TRANSACTION_LOG (TRANSACTION_ID,FROM_ACCOUNT,OLD_BALANCE,NEW_BALANCE,DONE_BY,EVENT_TIME) values (31,1000000023,0,10000,101,to_timestamp('21-JAN-19 09.38.48.000000000 PM','DD-MON-RR HH.MI.SSXFF AM'));
Insert into PROJECT0.TRANSACTION_LOG (TRANSACTION_ID,FROM_ACCOUNT,OLD_BALANCE,NEW_BALANCE,DONE_BY,EVENT_TIME) values (32,1000000032,89000,89000,101,to_timestamp('21-JAN-19 09.39.11.000000000 PM','DD-MON-RR HH.MI.SSXFF AM'));
Insert into PROJECT0.TRANSACTION_LOG (TRANSACTION_ID,FROM_ACCOUNT,OLD_BALANCE,NEW_BALANCE,DONE_BY,EVENT_TIME) values (33,1000000033,2,0,101,to_timestamp('21-JAN-19 09.39.46.000000000 PM','DD-MON-RR HH.MI.SSXFF AM'));
REM INSERTING into PROJECT0.TYPES
SET DEFINE OFF;
Insert into PROJECT0.TYPES (TYPE_ID,TYPE_NAME) values (1,'Savings');
Insert into PROJECT0.TYPES (TYPE_ID,TYPE_NAME) values (2,'Checking');
Insert into PROJECT0.TYPES (TYPE_ID,TYPE_NAME) values (3,'Auto Loan');
Insert into PROJECT0.TYPES (TYPE_ID,TYPE_NAME) values (4,'Personal Loan');
Insert into PROJECT0.TYPES (TYPE_ID,TYPE_NAME) values (5,'Mutual Fund');
Insert into PROJECT0.TYPES (TYPE_ID,TYPE_NAME) values (6,'Money Market');
REM INSERTING into PROJECT0.USERS
SET DEFINE OFF;
Insert into PROJECT0.USERS (USER_ID,USER_NAME,PASSWORD,FIRST_NAME,LAST_NAME,UPDATED_BY) values (101,'S1','FE04A7373FFAB5AA7D1FF42D23E90869','Super','User',101);
Insert into PROJECT0.USERS (USER_ID,USER_NAME,PASSWORD,FIRST_NAME,LAST_NAME,UPDATED_BY) values (103,'T1','03C2801F4DDB84B1C1890A4C0B299FB5','t','u',103);
Insert into PROJECT0.USERS (USER_ID,USER_NAME,PASSWORD,FIRST_NAME,LAST_NAME,UPDATED_BY) values (196,'T2','8C85754E841FFB7C97218E77F5D8E75C','t','u',101);
REM INSERTING into PROJECT0.USER_ACTIVITY_LOG
SET DEFINE OFF;
Insert into PROJECT0.USER_ACTIVITY_LOG (EVENT_ID,USER_ID,EVENT_TYPE,DONE_BY,EVENT_TIME) values (75,103,'UPDATE',101,to_timestamp('21-JAN-19 03.05.31.000000000 PM','DD-MON-RR HH.MI.SSXFF AM'));
Insert into PROJECT0.USER_ACTIVITY_LOG (EVENT_ID,USER_ID,EVENT_TYPE,DONE_BY,EVENT_TIME) values (76,180,'INSERT',180,to_timestamp('21-JAN-19 05.32.08.000000000 PM','DD-MON-RR HH.MI.SSXFF AM'));
Insert into PROJECT0.USER_ACTIVITY_LOG (EVENT_ID,USER_ID,EVENT_TYPE,DONE_BY,EVENT_TIME) values (41,165,'INSERT',165,to_timestamp('20-JAN-19 08.16.07.000000000 PM','DD-MON-RR HH.MI.SSXFF AM'));
Insert into PROJECT0.USER_ACTIVITY_LOG (EVENT_ID,USER_ID,EVENT_TYPE,DONE_BY,EVENT_TIME) values (49,169,'INSERT',169,to_timestamp('21-JAN-19 02.31.08.000000000 AM','DD-MON-RR HH.MI.SSXFF AM'));
Insert into PROJECT0.USER_ACTIVITY_LOG (EVENT_ID,USER_ID,EVENT_TYPE,DONE_BY,EVENT_TIME) values (77,180,'UPDATE',180,to_timestamp('21-JAN-19 05.33.10.000000000 PM','DD-MON-RR HH.MI.SSXFF AM'));
Insert into PROJECT0.USER_ACTIVITY_LOG (EVENT_ID,USER_ID,EVENT_TYPE,DONE_BY,EVENT_TIME) values (78,180,'UPDATE',180,to_timestamp('21-JAN-19 05.36.29.000000000 PM','DD-MON-RR HH.MI.SSXFF AM'));
Insert into PROJECT0.USER_ACTIVITY_LOG (EVENT_ID,USER_ID,EVENT_TYPE,DONE_BY,EVENT_TIME) values (79,180,'UPDATE',180,to_timestamp('21-JAN-19 05.40.50.000000000 PM','DD-MON-RR HH.MI.SSXFF AM'));
Insert into PROJECT0.USER_ACTIVITY_LOG (EVENT_ID,USER_ID,EVENT_TYPE,DONE_BY,EVENT_TIME) values (80,181,'INSERT',181,to_timestamp('21-JAN-19 05.41.33.000000000 PM','DD-MON-RR HH.MI.SSXFF AM'));
Insert into PROJECT0.USER_ACTIVITY_LOG (EVENT_ID,USER_ID,EVENT_TYPE,DONE_BY,EVENT_TIME) values (97,195,'INSERT',195,to_timestamp('21-JAN-19 06.37.25.000000000 PM','DD-MON-RR HH.MI.SSXFF AM'));
Insert into PROJECT0.USER_ACTIVITY_LOG (EVENT_ID,USER_ID,EVENT_TYPE,DONE_BY,EVENT_TIME) values (98,196,'INSERT',196,to_timestamp('21-JAN-19 06.40.25.000000000 PM','DD-MON-RR HH.MI.SSXFF AM'));
Insert into PROJECT0.USER_ACTIVITY_LOG (EVENT_ID,USER_ID,EVENT_TYPE,DONE_BY,EVENT_TIME) values (99,103,'UPDATE',103,to_timestamp('21-JAN-19 06.50.55.000000000 PM','DD-MON-RR HH.MI.SSXFF AM'));
Insert into PROJECT0.USER_ACTIVITY_LOG (EVENT_ID,USER_ID,EVENT_TYPE,DONE_BY,EVENT_TIME) values (100,103,'UPDATE',103,to_timestamp('21-JAN-19 06.51.33.000000000 PM','DD-MON-RR HH.MI.SSXFF AM'));
Insert into PROJECT0.USER_ACTIVITY_LOG (EVENT_ID,USER_ID,EVENT_TYPE,DONE_BY,EVENT_TIME) values (101,197,'INSERT',197,to_timestamp('21-JAN-19 06.52.56.000000000 PM','DD-MON-RR HH.MI.SSXFF AM'));
Insert into PROJECT0.USER_ACTIVITY_LOG (EVENT_ID,USER_ID,EVENT_TYPE,DONE_BY,EVENT_TIME) values (102,195,'DELETE',195,to_timestamp('21-JAN-19 06.53.26.000000000 PM','DD-MON-RR HH.MI.SSXFF AM'));
Insert into PROJECT0.USER_ACTIVITY_LOG (EVENT_ID,USER_ID,EVENT_TYPE,DONE_BY,EVENT_TIME) values (104,196,'UPDATE',101,to_timestamp('21-JAN-19 06.54.02.000000000 PM','DD-MON-RR HH.MI.SSXFF AM'));
Insert into PROJECT0.USER_ACTIVITY_LOG (EVENT_ID,USER_ID,EVENT_TYPE,DONE_BY,EVENT_TIME) values (105,197,'DELETE',197,to_timestamp('21-JAN-19 06.54.26.000000000 PM','DD-MON-RR HH.MI.SSXFF AM'));
Insert into PROJECT0.USER_ACTIVITY_LOG (EVENT_ID,USER_ID,EVENT_TYPE,DONE_BY,EVENT_TIME) values (106,101,'UPDATE',101,to_timestamp('21-JAN-19 06.55.14.000000000 PM','DD-MON-RR HH.MI.SSXFF AM'));
Insert into PROJECT0.USER_ACTIVITY_LOG (EVENT_ID,USER_ID,EVENT_TYPE,DONE_BY,EVENT_TIME) values (108,200,'DELETE',200,to_timestamp('22-JAN-19 01.20.35.000000000 AM','DD-MON-RR HH.MI.SSXFF AM'));
Insert into PROJECT0.USER_ACTIVITY_LOG (EVENT_ID,USER_ID,EVENT_TYPE,DONE_BY,EVENT_TIME) values (110,209,'DELETE',209,to_timestamp('22-JAN-19 01.24.33.000000000 AM','DD-MON-RR HH.MI.SSXFF AM'));
Insert into PROJECT0.USER_ACTIVITY_LOG (EVENT_ID,USER_ID,EVENT_TYPE,DONE_BY,EVENT_TIME) values (121,101,'INSERT',101,to_timestamp('22-JAN-19 01.37.05.000000000 AM','DD-MON-RR HH.MI.SSXFF AM'));
Insert into PROJECT0.USER_ACTIVITY_LOG (EVENT_ID,USER_ID,EVENT_TYPE,DONE_BY,EVENT_TIME) values (180,270,'INSERT',270,to_timestamp('22-JAN-19 02.46.57.000000000 AM','DD-MON-RR HH.MI.SSXFF AM'));
Insert into PROJECT0.USER_ACTIVITY_LOG (EVENT_ID,USER_ID,EVENT_TYPE,DONE_BY,EVENT_TIME) values (181,270,'UPDATE',270,to_timestamp('22-JAN-19 02.47.00.000000000 AM','DD-MON-RR HH.MI.SSXFF AM'));
Insert into PROJECT0.USER_ACTIVITY_LOG (EVENT_ID,USER_ID,EVENT_TYPE,DONE_BY,EVENT_TIME) values (73,103,'UPDATE',101,to_timestamp('21-JAN-19 07.16.00.000000000 AM','DD-MON-RR HH.MI.SSXFF AM'));
Insert into PROJECT0.USER_ACTIVITY_LOG (EVENT_ID,USER_ID,EVENT_TYPE,DONE_BY,EVENT_TIME) values (74,101,'UPDATE',101,to_timestamp('21-JAN-19 07.20.35.000000000 AM','DD-MON-RR HH.MI.SSXFF AM'));
Insert into PROJECT0.USER_ACTIVITY_LOG (EVENT_ID,USER_ID,EVENT_TYPE,DONE_BY,EVENT_TIME) values (81,183,'INSERT',183,to_timestamp('21-JAN-19 05.48.54.000000000 PM','DD-MON-RR HH.MI.SSXFF AM'));
Insert into PROJECT0.USER_ACTIVITY_LOG (EVENT_ID,USER_ID,EVENT_TYPE,DONE_BY,EVENT_TIME) values (82,190,'INSERT',190,to_timestamp('21-JAN-19 06.04.56.000000000 PM','DD-MON-RR HH.MI.SSXFF AM'));
Insert into PROJECT0.USER_ACTIVITY_LOG (EVENT_ID,USER_ID,EVENT_TYPE,DONE_BY,EVENT_TIME) values (85,190,'UPDATE',190,to_timestamp('21-JAN-19 06.10.53.000000000 PM','DD-MON-RR HH.MI.SSXFF AM'));
Insert into PROJECT0.USER_ACTIVITY_LOG (EVENT_ID,USER_ID,EVENT_TYPE,DONE_BY,EVENT_TIME) values (86,190,'UPDATE',190,to_timestamp('21-JAN-19 06.11.07.000000000 PM','DD-MON-RR HH.MI.SSXFF AM'));
Insert into PROJECT0.USER_ACTIVITY_LOG (EVENT_ID,USER_ID,EVENT_TYPE,DONE_BY,EVENT_TIME) values (87,190,'DELETE',190,to_timestamp('21-JAN-19 06.11.32.000000000 PM','DD-MON-RR HH.MI.SSXFF AM'));
Insert into PROJECT0.USER_ACTIVITY_LOG (EVENT_ID,USER_ID,EVENT_TYPE,DONE_BY,EVENT_TIME) values (88,180,'UPDATE',101,to_timestamp('21-JAN-19 06.14.24.000000000 PM','DD-MON-RR HH.MI.SSXFF AM'));
Insert into PROJECT0.USER_ACTIVITY_LOG (EVENT_ID,USER_ID,EVENT_TYPE,DONE_BY,EVENT_TIME) values (89,193,'INSERT',193,to_timestamp('21-JAN-19 06.14.39.000000000 PM','DD-MON-RR HH.MI.SSXFF AM'));
Insert into PROJECT0.USER_ACTIVITY_LOG (EVENT_ID,USER_ID,EVENT_TYPE,DONE_BY,EVENT_TIME) values (90,194,'INSERT',194,to_timestamp('21-JAN-19 06.17.07.000000000 PM','DD-MON-RR HH.MI.SSXFF AM'));
Insert into PROJECT0.USER_ACTIVITY_LOG (EVENT_ID,USER_ID,EVENT_TYPE,DONE_BY,EVENT_TIME) values (91,180,'DELETE',101,to_timestamp('21-JAN-19 06.17.27.000000000 PM','DD-MON-RR HH.MI.SSXFF AM'));
Insert into PROJECT0.USER_ACTIVITY_LOG (EVENT_ID,USER_ID,EVENT_TYPE,DONE_BY,EVENT_TIME) values (92,181,'DELETE',181,to_timestamp('21-JAN-19 06.17.33.000000000 PM','DD-MON-RR HH.MI.SSXFF AM'));
Insert into PROJECT0.USER_ACTIVITY_LOG (EVENT_ID,USER_ID,EVENT_TYPE,DONE_BY,EVENT_TIME) values (93,183,'DELETE',183,to_timestamp('21-JAN-19 06.17.37.000000000 PM','DD-MON-RR HH.MI.SSXFF AM'));
Insert into PROJECT0.USER_ACTIVITY_LOG (EVENT_ID,USER_ID,EVENT_TYPE,DONE_BY,EVENT_TIME) values (94,194,'DELETE',194,to_timestamp('21-JAN-19 06.17.41.000000000 PM','DD-MON-RR HH.MI.SSXFF AM'));
Insert into PROJECT0.USER_ACTIVITY_LOG (EVENT_ID,USER_ID,EVENT_TYPE,DONE_BY,EVENT_TIME) values (95,193,'DELETE',193,to_timestamp('21-JAN-19 06.17.46.000000000 PM','DD-MON-RR HH.MI.SSXFF AM'));
Insert into PROJECT0.USER_ACTIVITY_LOG (EVENT_ID,USER_ID,EVENT_TYPE,DONE_BY,EVENT_TIME) values (96,103,'UPDATE',103,to_timestamp('21-JAN-19 06.19.04.000000000 PM','DD-MON-RR HH.MI.SSXFF AM'));
Insert into PROJECT0.USER_ACTIVITY_LOG (EVENT_ID,USER_ID,EVENT_TYPE,DONE_BY,EVENT_TIME) values (107,200,'INSERT',200,to_timestamp('22-JAN-19 01.18.32.000000000 AM','DD-MON-RR HH.MI.SSXFF AM'));
Insert into PROJECT0.USER_ACTIVITY_LOG (EVENT_ID,USER_ID,EVENT_TYPE,DONE_BY,EVENT_TIME) values (109,209,'INSERT',209,to_timestamp('22-JAN-19 01.20.40.000000000 AM','DD-MON-RR HH.MI.SSXFF AM'));
Insert into PROJECT0.USER_ACTIVITY_LOG (EVENT_ID,USER_ID,EVENT_TYPE,DONE_BY,EVENT_TIME) values (111,215,'INSERT',215,to_timestamp('22-JAN-19 01.24.46.000000000 AM','DD-MON-RR HH.MI.SSXFF AM'));
Insert into PROJECT0.USER_ACTIVITY_LOG (EVENT_ID,USER_ID,EVENT_TYPE,DONE_BY,EVENT_TIME) values (112,215,'DELETE',215,to_timestamp('22-JAN-19 01.25.43.000000000 AM','DD-MON-RR HH.MI.SSXFF AM'));
Insert into PROJECT0.USER_ACTIVITY_LOG (EVENT_ID,USER_ID,EVENT_TYPE,DONE_BY,EVENT_TIME) values (113,221,'INSERT',221,to_timestamp('22-JAN-19 01.25.44.000000000 AM','DD-MON-RR HH.MI.SSXFF AM'));
Insert into PROJECT0.USER_ACTIVITY_LOG (EVENT_ID,USER_ID,EVENT_TYPE,DONE_BY,EVENT_TIME) values (114,221,'DELETE',221,to_timestamp('22-JAN-19 01.31.57.000000000 AM','DD-MON-RR HH.MI.SSXFF AM'));
Insert into PROJECT0.USER_ACTIVITY_LOG (EVENT_ID,USER_ID,EVENT_TYPE,DONE_BY,EVENT_TIME) values (115,223,'INSERT',223,to_timestamp('22-JAN-19 01.31.58.000000000 AM','DD-MON-RR HH.MI.SSXFF AM'));
Insert into PROJECT0.USER_ACTIVITY_LOG (EVENT_ID,USER_ID,EVENT_TYPE,DONE_BY,EVENT_TIME) values (116,223,'DELETE',223,to_timestamp('22-JAN-19 01.32.21.000000000 AM','DD-MON-RR HH.MI.SSXFF AM'));
Insert into PROJECT0.USER_ACTIVITY_LOG (EVENT_ID,USER_ID,EVENT_TYPE,DONE_BY,EVENT_TIME) values (117,225,'INSERT',225,to_timestamp('22-JAN-19 01.32.21.000000000 AM','DD-MON-RR HH.MI.SSXFF AM'));
Insert into PROJECT0.USER_ACTIVITY_LOG (EVENT_ID,USER_ID,EVENT_TYPE,DONE_BY,EVENT_TIME) values (118,101,'DELETE',101,to_timestamp('22-JAN-19 01.33.40.000000000 AM','DD-MON-RR HH.MI.SSXFF AM'));
Insert into PROJECT0.USER_ACTIVITY_LOG (EVENT_ID,USER_ID,EVENT_TYPE,DONE_BY,EVENT_TIME) values (119,225,'DELETE',225,to_timestamp('22-JAN-19 01.33.41.000000000 AM','DD-MON-RR HH.MI.SSXFF AM'));
Insert into PROJECT0.USER_ACTIVITY_LOG (EVENT_ID,USER_ID,EVENT_TYPE,DONE_BY,EVENT_TIME) values (120,227,'INSERT',227,to_timestamp('22-JAN-19 01.33.41.000000000 AM','DD-MON-RR HH.MI.SSXFF AM'));
Insert into PROJECT0.USER_ACTIVITY_LOG (EVENT_ID,USER_ID,EVENT_TYPE,DONE_BY,EVENT_TIME) values (122,227,'DELETE',227,to_timestamp('22-JAN-19 01.37.32.000000000 AM','DD-MON-RR HH.MI.SSXFF AM'));
Insert into PROJECT0.USER_ACTIVITY_LOG (EVENT_ID,USER_ID,EVENT_TYPE,DONE_BY,EVENT_TIME) values (123,229,'INSERT',229,to_timestamp('22-JAN-19 01.37.32.000000000 AM','DD-MON-RR HH.MI.SSXFF AM'));
Insert into PROJECT0.USER_ACTIVITY_LOG (EVENT_ID,USER_ID,EVENT_TYPE,DONE_BY,EVENT_TIME) values (124,229,'DELETE',229,to_timestamp('22-JAN-19 01.43.20.000000000 AM','DD-MON-RR HH.MI.SSXFF AM'));
Insert into PROJECT0.USER_ACTIVITY_LOG (EVENT_ID,USER_ID,EVENT_TYPE,DONE_BY,EVENT_TIME) values (125,231,'INSERT',231,to_timestamp('22-JAN-19 01.43.23.000000000 AM','DD-MON-RR HH.MI.SSXFF AM'));
Insert into PROJECT0.USER_ACTIVITY_LOG (EVENT_ID,USER_ID,EVENT_TYPE,DONE_BY,EVENT_TIME) values (126,231,'UPDATE',231,to_timestamp('22-JAN-19 01.43.26.000000000 AM','DD-MON-RR HH.MI.SSXFF AM'));
Insert into PROJECT0.USER_ACTIVITY_LOG (EVENT_ID,USER_ID,EVENT_TYPE,DONE_BY,EVENT_TIME) values (127,231,'DELETE',231,to_timestamp('22-JAN-19 01.43.54.000000000 AM','DD-MON-RR HH.MI.SSXFF AM'));
Insert into PROJECT0.USER_ACTIVITY_LOG (EVENT_ID,USER_ID,EVENT_TYPE,DONE_BY,EVENT_TIME) values (128,233,'INSERT',233,to_timestamp('22-JAN-19 01.43.57.000000000 AM','DD-MON-RR HH.MI.SSXFF AM'));
Insert into PROJECT0.USER_ACTIVITY_LOG (EVENT_ID,USER_ID,EVENT_TYPE,DONE_BY,EVENT_TIME) values (129,233,'UPDATE',233,to_timestamp('22-JAN-19 01.44.00.000000000 AM','DD-MON-RR HH.MI.SSXFF AM'));
Insert into PROJECT0.USER_ACTIVITY_LOG (EVENT_ID,USER_ID,EVENT_TYPE,DONE_BY,EVENT_TIME) values (130,233,'DELETE',233,to_timestamp('22-JAN-19 01.49.22.000000000 AM','DD-MON-RR HH.MI.SSXFF AM'));
Insert into PROJECT0.USER_ACTIVITY_LOG (EVENT_ID,USER_ID,EVENT_TYPE,DONE_BY,EVENT_TIME) values (131,235,'INSERT',235,to_timestamp('22-JAN-19 01.49.22.000000000 AM','DD-MON-RR HH.MI.SSXFF AM'));
Insert into PROJECT0.USER_ACTIVITY_LOG (EVENT_ID,USER_ID,EVENT_TYPE,DONE_BY,EVENT_TIME) values (132,235,'UPDATE',235,to_timestamp('22-JAN-19 01.49.22.000000000 AM','DD-MON-RR HH.MI.SSXFF AM'));
Insert into PROJECT0.USER_ACTIVITY_LOG (EVENT_ID,USER_ID,EVENT_TYPE,DONE_BY,EVENT_TIME) values (133,235,'DELETE',235,to_timestamp('22-JAN-19 01.49.38.000000000 AM','DD-MON-RR HH.MI.SSXFF AM'));
Insert into PROJECT0.USER_ACTIVITY_LOG (EVENT_ID,USER_ID,EVENT_TYPE,DONE_BY,EVENT_TIME) values (134,237,'INSERT',237,to_timestamp('22-JAN-19 01.49.39.000000000 AM','DD-MON-RR HH.MI.SSXFF AM'));
Insert into PROJECT0.USER_ACTIVITY_LOG (EVENT_ID,USER_ID,EVENT_TYPE,DONE_BY,EVENT_TIME) values (135,237,'UPDATE',237,to_timestamp('22-JAN-19 01.49.39.000000000 AM','DD-MON-RR HH.MI.SSXFF AM'));
Insert into PROJECT0.USER_ACTIVITY_LOG (EVENT_ID,USER_ID,EVENT_TYPE,DONE_BY,EVENT_TIME) values (136,237,'DELETE',237,to_timestamp('22-JAN-19 01.50.06.000000000 AM','DD-MON-RR HH.MI.SSXFF AM'));
Insert into PROJECT0.USER_ACTIVITY_LOG (EVENT_ID,USER_ID,EVENT_TYPE,DONE_BY,EVENT_TIME) values (137,239,'INSERT',239,to_timestamp('22-JAN-19 01.50.06.000000000 AM','DD-MON-RR HH.MI.SSXFF AM'));
Insert into PROJECT0.USER_ACTIVITY_LOG (EVENT_ID,USER_ID,EVENT_TYPE,DONE_BY,EVENT_TIME) values (138,239,'UPDATE',239,to_timestamp('22-JAN-19 01.50.07.000000000 AM','DD-MON-RR HH.MI.SSXFF AM'));
Insert into PROJECT0.USER_ACTIVITY_LOG (EVENT_ID,USER_ID,EVENT_TYPE,DONE_BY,EVENT_TIME) values (139,239,'DELETE',239,to_timestamp('22-JAN-19 01.52.50.000000000 AM','DD-MON-RR HH.MI.SSXFF AM'));
Insert into PROJECT0.USER_ACTIVITY_LOG (EVENT_ID,USER_ID,EVENT_TYPE,DONE_BY,EVENT_TIME) values (140,241,'INSERT',241,to_timestamp('22-JAN-19 01.52.50.000000000 AM','DD-MON-RR HH.MI.SSXFF AM'));
Insert into PROJECT0.USER_ACTIVITY_LOG (EVENT_ID,USER_ID,EVENT_TYPE,DONE_BY,EVENT_TIME) values (141,241,'UPDATE',241,to_timestamp('22-JAN-19 01.52.51.000000000 AM','DD-MON-RR HH.MI.SSXFF AM'));
Insert into PROJECT0.USER_ACTIVITY_LOG (EVENT_ID,USER_ID,EVENT_TYPE,DONE_BY,EVENT_TIME) values (142,241,'DELETE',241,to_timestamp('22-JAN-19 01.53.09.000000000 AM','DD-MON-RR HH.MI.SSXFF AM'));
Insert into PROJECT0.USER_ACTIVITY_LOG (EVENT_ID,USER_ID,EVENT_TYPE,DONE_BY,EVENT_TIME) values (143,243,'INSERT',243,to_timestamp('22-JAN-19 01.53.10.000000000 AM','DD-MON-RR HH.MI.SSXFF AM'));
Insert into PROJECT0.USER_ACTIVITY_LOG (EVENT_ID,USER_ID,EVENT_TYPE,DONE_BY,EVENT_TIME) values (144,243,'UPDATE',243,to_timestamp('22-JAN-19 01.53.10.000000000 AM','DD-MON-RR HH.MI.SSXFF AM'));
Insert into PROJECT0.USER_ACTIVITY_LOG (EVENT_ID,USER_ID,EVENT_TYPE,DONE_BY,EVENT_TIME) values (145,243,'DELETE',243,to_timestamp('22-JAN-19 01.54.21.000000000 AM','DD-MON-RR HH.MI.SSXFF AM'));
Insert into PROJECT0.USER_ACTIVITY_LOG (EVENT_ID,USER_ID,EVENT_TYPE,DONE_BY,EVENT_TIME) values (146,245,'INSERT',245,to_timestamp('22-JAN-19 01.54.22.000000000 AM','DD-MON-RR HH.MI.SSXFF AM'));
Insert into PROJECT0.USER_ACTIVITY_LOG (EVENT_ID,USER_ID,EVENT_TYPE,DONE_BY,EVENT_TIME) values (147,245,'UPDATE',245,to_timestamp('22-JAN-19 01.54.22.000000000 AM','DD-MON-RR HH.MI.SSXFF AM'));
Insert into PROJECT0.USER_ACTIVITY_LOG (EVENT_ID,USER_ID,EVENT_TYPE,DONE_BY,EVENT_TIME) values (148,245,'DELETE',245,to_timestamp('22-JAN-19 01.55.13.000000000 AM','DD-MON-RR HH.MI.SSXFF AM'));
Insert into PROJECT0.USER_ACTIVITY_LOG (EVENT_ID,USER_ID,EVENT_TYPE,DONE_BY,EVENT_TIME) values (149,247,'INSERT',247,to_timestamp('22-JAN-19 01.55.13.000000000 AM','DD-MON-RR HH.MI.SSXFF AM'));
Insert into PROJECT0.USER_ACTIVITY_LOG (EVENT_ID,USER_ID,EVENT_TYPE,DONE_BY,EVENT_TIME) values (150,247,'UPDATE',247,to_timestamp('22-JAN-19 01.55.14.000000000 AM','DD-MON-RR HH.MI.SSXFF AM'));
Insert into PROJECT0.USER_ACTIVITY_LOG (EVENT_ID,USER_ID,EVENT_TYPE,DONE_BY,EVENT_TIME) values (159,255,'INSERT',255,to_timestamp('22-JAN-19 02.15.09.000000000 AM','DD-MON-RR HH.MI.SSXFF AM'));
Insert into PROJECT0.USER_ACTIVITY_LOG (EVENT_ID,USER_ID,EVENT_TYPE,DONE_BY,EVENT_TIME) values (160,255,'UPDATE',255,to_timestamp('22-JAN-19 02.15.10.000000000 AM','DD-MON-RR HH.MI.SSXFF AM'));
Insert into PROJECT0.USER_ACTIVITY_LOG (EVENT_ID,USER_ID,EVENT_TYPE,DONE_BY,EVENT_TIME) values (161,255,'DELETE',255,to_timestamp('22-JAN-19 02.15.10.000000000 AM','DD-MON-RR HH.MI.SSXFF AM'));
Insert into PROJECT0.USER_ACTIVITY_LOG (EVENT_ID,USER_ID,EVENT_TYPE,DONE_BY,EVENT_TIME) values (162,257,'INSERT',257,to_timestamp('22-JAN-19 02.15.57.000000000 AM','DD-MON-RR HH.MI.SSXFF AM'));
Insert into PROJECT0.USER_ACTIVITY_LOG (EVENT_ID,USER_ID,EVENT_TYPE,DONE_BY,EVENT_TIME) values (163,257,'UPDATE',257,to_timestamp('22-JAN-19 02.15.57.000000000 AM','DD-MON-RR HH.MI.SSXFF AM'));
Insert into PROJECT0.USER_ACTIVITY_LOG (EVENT_ID,USER_ID,EVENT_TYPE,DONE_BY,EVENT_TIME) values (164,257,'DELETE',257,to_timestamp('22-JAN-19 02.15.58.000000000 AM','DD-MON-RR HH.MI.SSXFF AM'));
Insert into PROJECT0.USER_ACTIVITY_LOG (EVENT_ID,USER_ID,EVENT_TYPE,DONE_BY,EVENT_TIME) values (165,259,'INSERT',259,to_timestamp('22-JAN-19 02.20.44.000000000 AM','DD-MON-RR HH.MI.SSXFF AM'));
Insert into PROJECT0.USER_ACTIVITY_LOG (EVENT_ID,USER_ID,EVENT_TYPE,DONE_BY,EVENT_TIME) values (166,259,'UPDATE',259,to_timestamp('22-JAN-19 02.20.44.000000000 AM','DD-MON-RR HH.MI.SSXFF AM'));
Insert into PROJECT0.USER_ACTIVITY_LOG (EVENT_ID,USER_ID,EVENT_TYPE,DONE_BY,EVENT_TIME) values (167,259,'DELETE',259,to_timestamp('22-JAN-19 02.20.45.000000000 AM','DD-MON-RR HH.MI.SSXFF AM'));
Insert into PROJECT0.USER_ACTIVITY_LOG (EVENT_ID,USER_ID,EVENT_TYPE,DONE_BY,EVENT_TIME) values (168,261,'INSERT',261,to_timestamp('22-JAN-19 02.21.46.000000000 AM','DD-MON-RR HH.MI.SSXFF AM'));
Insert into PROJECT0.USER_ACTIVITY_LOG (EVENT_ID,USER_ID,EVENT_TYPE,DONE_BY,EVENT_TIME) values (169,261,'UPDATE',261,to_timestamp('22-JAN-19 02.21.46.000000000 AM','DD-MON-RR HH.MI.SSXFF AM'));
Insert into PROJECT0.USER_ACTIVITY_LOG (EVENT_ID,USER_ID,EVENT_TYPE,DONE_BY,EVENT_TIME) values (170,261,'DELETE',261,to_timestamp('22-JAN-19 02.21.48.000000000 AM','DD-MON-RR HH.MI.SSXFF AM'));
Insert into PROJECT0.USER_ACTIVITY_LOG (EVENT_ID,USER_ID,EVENT_TYPE,DONE_BY,EVENT_TIME) values (28,162,'UPDATE',104,to_timestamp('20-JAN-19 06.42.21.000000000 PM','DD-MON-RR HH.MI.SSXFF AM'));
Insert into PROJECT0.USER_ACTIVITY_LOG (EVENT_ID,USER_ID,EVENT_TYPE,DONE_BY,EVENT_TIME) values (29,162,'UPDATE',104,to_timestamp('20-JAN-19 06.48.35.000000000 PM','DD-MON-RR HH.MI.SSXFF AM'));
Insert into PROJECT0.USER_ACTIVITY_LOG (EVENT_ID,USER_ID,EVENT_TYPE,DONE_BY,EVENT_TIME) values (47,167,'INSERT',167,to_timestamp('21-JAN-19 02.23.33.000000000 AM','DD-MON-RR HH.MI.SSXFF AM'));
Insert into PROJECT0.USER_ACTIVITY_LOG (EVENT_ID,USER_ID,EVENT_TYPE,DONE_BY,EVENT_TIME) values (48,168,'INSERT',168,to_timestamp('21-JAN-19 02.24.31.000000000 AM','DD-MON-RR HH.MI.SSXFF AM'));
Insert into PROJECT0.USER_ACTIVITY_LOG (EVENT_ID,USER_ID,EVENT_TYPE,DONE_BY,EVENT_TIME) values (50,169,'UPDATE',169,to_timestamp('21-JAN-19 02.43.10.000000000 AM','DD-MON-RR HH.MI.SSXFF AM'));
Insert into PROJECT0.USER_ACTIVITY_LOG (EVENT_ID,USER_ID,EVENT_TYPE,DONE_BY,EVENT_TIME) values (51,168,'UPDATE',168,to_timestamp('21-JAN-19 02.43.10.000000000 AM','DD-MON-RR HH.MI.SSXFF AM'));
Insert into PROJECT0.USER_ACTIVITY_LOG (EVENT_ID,USER_ID,EVENT_TYPE,DONE_BY,EVENT_TIME) values (52,170,'INSERT',170,to_timestamp('21-JAN-19 02.48.14.000000000 AM','DD-MON-RR HH.MI.SSXFF AM'));
Insert into PROJECT0.USER_ACTIVITY_LOG (EVENT_ID,USER_ID,EVENT_TYPE,DONE_BY,EVENT_TIME) values (53,171,'INSERT',171,to_timestamp('21-JAN-19 02.50.25.000000000 AM','DD-MON-RR HH.MI.SSXFF AM'));
Insert into PROJECT0.USER_ACTIVITY_LOG (EVENT_ID,USER_ID,EVENT_TYPE,DONE_BY,EVENT_TIME) values (57,162,'DELETE',104,to_timestamp('21-JAN-19 03.03.44.000000000 AM','DD-MON-RR HH.MI.SSXFF AM'));
Insert into PROJECT0.USER_ACTIVITY_LOG (EVENT_ID,USER_ID,EVENT_TYPE,DONE_BY,EVENT_TIME) values (58,121,'DELETE',121,to_timestamp('21-JAN-19 03.03.56.000000000 AM','DD-MON-RR HH.MI.SSXFF AM'));
Insert into PROJECT0.USER_ACTIVITY_LOG (EVENT_ID,USER_ID,EVENT_TYPE,DONE_BY,EVENT_TIME) values (59,164,'DELETE',164,to_timestamp('21-JAN-19 03.04.15.000000000 AM','DD-MON-RR HH.MI.SSXFF AM'));
Insert into PROJECT0.USER_ACTIVITY_LOG (EVENT_ID,USER_ID,EVENT_TYPE,DONE_BY,EVENT_TIME) values (60,165,'DELETE',165,to_timestamp('21-JAN-19 03.04.36.000000000 AM','DD-MON-RR HH.MI.SSXFF AM'));
Insert into PROJECT0.USER_ACTIVITY_LOG (EVENT_ID,USER_ID,EVENT_TYPE,DONE_BY,EVENT_TIME) values (61,169,'DELETE',169,to_timestamp('21-JAN-19 03.06.31.000000000 AM','DD-MON-RR HH.MI.SSXFF AM'));
Insert into PROJECT0.USER_ACTIVITY_LOG (EVENT_ID,USER_ID,EVENT_TYPE,DONE_BY,EVENT_TIME) values (62,105,'DELETE',105,to_timestamp('21-JAN-19 03.06.41.000000000 AM','DD-MON-RR HH.MI.SSXFF AM'));
Insert into PROJECT0.USER_ACTIVITY_LOG (EVENT_ID,USER_ID,EVENT_TYPE,DONE_BY,EVENT_TIME) values (63,120,'DELETE',120,to_timestamp('21-JAN-19 03.06.51.000000000 AM','DD-MON-RR HH.MI.SSXFF AM'));
Insert into PROJECT0.USER_ACTIVITY_LOG (EVENT_ID,USER_ID,EVENT_TYPE,DONE_BY,EVENT_TIME) values (64,104,'DELETE',104,to_timestamp('21-JAN-19 03.07.02.000000000 AM','DD-MON-RR HH.MI.SSXFF AM'));
Insert into PROJECT0.USER_ACTIVITY_LOG (EVENT_ID,USER_ID,EVENT_TYPE,DONE_BY,EVENT_TIME) values (65,167,'DELETE',167,to_timestamp('21-JAN-19 03.07.18.000000000 AM','DD-MON-RR HH.MI.SSXFF AM'));
Insert into PROJECT0.USER_ACTIVITY_LOG (EVENT_ID,USER_ID,EVENT_TYPE,DONE_BY,EVENT_TIME) values (66,170,'DELETE',170,to_timestamp('21-JAN-19 03.07.45.000000000 AM','DD-MON-RR HH.MI.SSXFF AM'));
Insert into PROJECT0.USER_ACTIVITY_LOG (EVENT_ID,USER_ID,EVENT_TYPE,DONE_BY,EVENT_TIME) values (67,168,'DELETE',168,to_timestamp('21-JAN-19 03.07.58.000000000 AM','DD-MON-RR HH.MI.SSXFF AM'));
Insert into PROJECT0.USER_ACTIVITY_LOG (EVENT_ID,USER_ID,EVENT_TYPE,DONE_BY,EVENT_TIME) values (68,166,'DELETE',166,to_timestamp('21-JAN-19 03.08.07.000000000 AM','DD-MON-RR HH.MI.SSXFF AM'));
Insert into PROJECT0.USER_ACTIVITY_LOG (EVENT_ID,USER_ID,EVENT_TYPE,DONE_BY,EVENT_TIME) values (69,171,'DELETE',171,to_timestamp('21-JAN-19 03.08.16.000000000 AM','DD-MON-RR HH.MI.SSXFF AM'));
Insert into PROJECT0.USER_ACTIVITY_LOG (EVENT_ID,USER_ID,EVENT_TYPE,DONE_BY,EVENT_TIME) values (70,103,'UPDATE',140,to_timestamp('21-JAN-19 05.26.30.000000000 AM','DD-MON-RR HH.MI.SSXFF AM'));
Insert into PROJECT0.USER_ACTIVITY_LOG (EVENT_ID,USER_ID,EVENT_TYPE,DONE_BY,EVENT_TIME) values (71,140,'DELETE',140,to_timestamp('21-JAN-19 05.29.43.000000000 AM','DD-MON-RR HH.MI.SSXFF AM'));
Insert into PROJECT0.USER_ACTIVITY_LOG (EVENT_ID,USER_ID,EVENT_TYPE,DONE_BY,EVENT_TIME) values (72,101,'INSERT',101,to_timestamp('21-JAN-19 05.31.25.000000000 AM','DD-MON-RR HH.MI.SSXFF AM'));
Insert into PROJECT0.USER_ACTIVITY_LOG (EVENT_ID,USER_ID,EVENT_TYPE,DONE_BY,EVENT_TIME) values (151,247,'UPDATE',247,to_timestamp('22-JAN-19 02.05.59.000000000 AM','DD-MON-RR HH.MI.SSXFF AM'));
Insert into PROJECT0.USER_ACTIVITY_LOG (EVENT_ID,USER_ID,EVENT_TYPE,DONE_BY,EVENT_TIME) values (152,247,'DELETE',247,to_timestamp('22-JAN-19 02.05.59.000000000 AM','DD-MON-RR HH.MI.SSXFF AM'));
Insert into PROJECT0.USER_ACTIVITY_LOG (EVENT_ID,USER_ID,EVENT_TYPE,DONE_BY,EVENT_TIME) values (153,251,'INSERT',251,to_timestamp('22-JAN-19 02.06.34.000000000 AM','DD-MON-RR HH.MI.SSXFF AM'));
Insert into PROJECT0.USER_ACTIVITY_LOG (EVENT_ID,USER_ID,EVENT_TYPE,DONE_BY,EVENT_TIME) values (154,251,'UPDATE',251,to_timestamp('22-JAN-19 02.06.34.000000000 AM','DD-MON-RR HH.MI.SSXFF AM'));
Insert into PROJECT0.USER_ACTIVITY_LOG (EVENT_ID,USER_ID,EVENT_TYPE,DONE_BY,EVENT_TIME) values (155,251,'DELETE',251,to_timestamp('22-JAN-19 02.06.35.000000000 AM','DD-MON-RR HH.MI.SSXFF AM'));
Insert into PROJECT0.USER_ACTIVITY_LOG (EVENT_ID,USER_ID,EVENT_TYPE,DONE_BY,EVENT_TIME) values (156,253,'INSERT',253,to_timestamp('22-JAN-19 02.14.11.000000000 AM','DD-MON-RR HH.MI.SSXFF AM'));
Insert into PROJECT0.USER_ACTIVITY_LOG (EVENT_ID,USER_ID,EVENT_TYPE,DONE_BY,EVENT_TIME) values (157,253,'UPDATE',253,to_timestamp('22-JAN-19 02.14.11.000000000 AM','DD-MON-RR HH.MI.SSXFF AM'));
Insert into PROJECT0.USER_ACTIVITY_LOG (EVENT_ID,USER_ID,EVENT_TYPE,DONE_BY,EVENT_TIME) values (158,253,'DELETE',253,to_timestamp('22-JAN-19 02.14.12.000000000 AM','DD-MON-RR HH.MI.SSXFF AM'));
Insert into PROJECT0.USER_ACTIVITY_LOG (EVENT_ID,USER_ID,EVENT_TYPE,DONE_BY,EVENT_TIME) values (171,263,'INSERT',263,to_timestamp('22-JAN-19 02.36.19.000000000 AM','DD-MON-RR HH.MI.SSXFF AM'));
Insert into PROJECT0.USER_ACTIVITY_LOG (EVENT_ID,USER_ID,EVENT_TYPE,DONE_BY,EVENT_TIME) values (172,263,'UPDATE',263,to_timestamp('22-JAN-19 02.36.19.000000000 AM','DD-MON-RR HH.MI.SSXFF AM'));
Insert into PROJECT0.USER_ACTIVITY_LOG (EVENT_ID,USER_ID,EVENT_TYPE,DONE_BY,EVENT_TIME) values (173,263,'DELETE',263,to_timestamp('22-JAN-19 02.36.20.000000000 AM','DD-MON-RR HH.MI.SSXFF AM'));
Insert into PROJECT0.USER_ACTIVITY_LOG (EVENT_ID,USER_ID,EVENT_TYPE,DONE_BY,EVENT_TIME) values (174,265,'INSERT',265,to_timestamp('22-JAN-19 02.44.11.000000000 AM','DD-MON-RR HH.MI.SSXFF AM'));
Insert into PROJECT0.USER_ACTIVITY_LOG (EVENT_ID,USER_ID,EVENT_TYPE,DONE_BY,EVENT_TIME) values (175,265,'UPDATE',265,to_timestamp('22-JAN-19 02.44.13.000000000 AM','DD-MON-RR HH.MI.SSXFF AM'));
Insert into PROJECT0.USER_ACTIVITY_LOG (EVENT_ID,USER_ID,EVENT_TYPE,DONE_BY,EVENT_TIME) values (176,265,'DELETE',265,to_timestamp('22-JAN-19 02.44.14.000000000 AM','DD-MON-RR HH.MI.SSXFF AM'));
Insert into PROJECT0.USER_ACTIVITY_LOG (EVENT_ID,USER_ID,EVENT_TYPE,DONE_BY,EVENT_TIME) values (177,267,'INSERT',267,to_timestamp('22-JAN-19 02.46.11.000000000 AM','DD-MON-RR HH.MI.SSXFF AM'));
Insert into PROJECT0.USER_ACTIVITY_LOG (EVENT_ID,USER_ID,EVENT_TYPE,DONE_BY,EVENT_TIME) values (178,267,'UPDATE',267,to_timestamp('22-JAN-19 02.46.12.000000000 AM','DD-MON-RR HH.MI.SSXFF AM'));
Insert into PROJECT0.USER_ACTIVITY_LOG (EVENT_ID,USER_ID,EVENT_TYPE,DONE_BY,EVENT_TIME) values (179,267,'DELETE',267,to_timestamp('22-JAN-19 02.46.13.000000000 AM','DD-MON-RR HH.MI.SSXFF AM'));
Insert into PROJECT0.USER_ACTIVITY_LOG (EVENT_ID,USER_ID,EVENT_TYPE,DONE_BY,EVENT_TIME) values (182,270,'DELETE',270,to_timestamp('22-JAN-19 02.47.01.000000000 AM','DD-MON-RR HH.MI.SSXFF AM'));
Insert into PROJECT0.USER_ACTIVITY_LOG (EVENT_ID,USER_ID,EVENT_TYPE,DONE_BY,EVENT_TIME) values (183,273,'INSERT',273,to_timestamp('22-JAN-19 02.51.11.000000000 AM','DD-MON-RR HH.MI.SSXFF AM'));
Insert into PROJECT0.USER_ACTIVITY_LOG (EVENT_ID,USER_ID,EVENT_TYPE,DONE_BY,EVENT_TIME) values (184,273,'UPDATE',273,to_timestamp('22-JAN-19 02.51.11.000000000 AM','DD-MON-RR HH.MI.SSXFF AM'));
Insert into PROJECT0.USER_ACTIVITY_LOG (EVENT_ID,USER_ID,EVENT_TYPE,DONE_BY,EVENT_TIME) values (185,273,'DELETE',273,to_timestamp('22-JAN-19 02.51.12.000000000 AM','DD-MON-RR HH.MI.SSXFF AM'));
Insert into PROJECT0.USER_ACTIVITY_LOG (EVENT_ID,USER_ID,EVENT_TYPE,DONE_BY,EVENT_TIME) values (186,275,'INSERT',275,to_timestamp('22-JAN-19 02.58.41.000000000 AM','DD-MON-RR HH.MI.SSXFF AM'));
Insert into PROJECT0.USER_ACTIVITY_LOG (EVENT_ID,USER_ID,EVENT_TYPE,DONE_BY,EVENT_TIME) values (187,275,'UPDATE',275,to_timestamp('22-JAN-19 02.58.41.000000000 AM','DD-MON-RR HH.MI.SSXFF AM'));
Insert into PROJECT0.USER_ACTIVITY_LOG (EVENT_ID,USER_ID,EVENT_TYPE,DONE_BY,EVENT_TIME) values (188,275,'DELETE',275,to_timestamp('22-JAN-19 02.58.42.000000000 AM','DD-MON-RR HH.MI.SSXFF AM'));
Insert into PROJECT0.USER_ACTIVITY_LOG (EVENT_ID,USER_ID,EVENT_TYPE,DONE_BY,EVENT_TIME) values (189,277,'INSERT',277,to_timestamp('22-JAN-19 02.59.39.000000000 AM','DD-MON-RR HH.MI.SSXFF AM'));
Insert into PROJECT0.USER_ACTIVITY_LOG (EVENT_ID,USER_ID,EVENT_TYPE,DONE_BY,EVENT_TIME) values (190,277,'UPDATE',277,to_timestamp('22-JAN-19 02.59.40.000000000 AM','DD-MON-RR HH.MI.SSXFF AM'));
Insert into PROJECT0.USER_ACTIVITY_LOG (EVENT_ID,USER_ID,EVENT_TYPE,DONE_BY,EVENT_TIME) values (191,277,'DELETE',277,to_timestamp('22-JAN-19 02.59.41.000000000 AM','DD-MON-RR HH.MI.SSXFF AM'));
Insert into PROJECT0.USER_ACTIVITY_LOG (EVENT_ID,USER_ID,EVENT_TYPE,DONE_BY,EVENT_TIME) values (44,140,'UPDATE',140,to_timestamp('21-JAN-19 12.49.05.000000000 AM','DD-MON-RR HH.MI.SSXFF AM'));
Insert into PROJECT0.USER_ACTIVITY_LOG (EVENT_ID,USER_ID,EVENT_TYPE,DONE_BY,EVENT_TIME) values (45,140,'UPDATE',140,to_timestamp('21-JAN-19 12.58.42.000000000 AM','DD-MON-RR HH.MI.SSXFF AM'));
Insert into PROJECT0.USER_ACTIVITY_LOG (EVENT_ID,USER_ID,EVENT_TYPE,DONE_BY,EVENT_TIME) values (42,140,'UPDATE',140,to_timestamp('21-JAN-19 12.46.51.000000000 AM','DD-MON-RR HH.MI.SSXFF AM'));
Insert into PROJECT0.USER_ACTIVITY_LOG (EVENT_ID,USER_ID,EVENT_TYPE,DONE_BY,EVENT_TIME) values (43,140,'UPDATE',140,to_timestamp('21-JAN-19 12.47.13.000000000 AM','DD-MON-RR HH.MI.SSXFF AM'));
Insert into PROJECT0.USER_ACTIVITY_LOG (EVENT_ID,USER_ID,EVENT_TYPE,DONE_BY,EVENT_TIME) values (46,166,'INSERT',166,to_timestamp('21-JAN-19 01.21.14.000000000 AM','DD-MON-RR HH.MI.SSXFF AM'));
--------------------------------------------------------
--  DDL for Index TRANSACTIONS_PK
--------------------------------------------------------

  CREATE UNIQUE INDEX "PROJECT0"."TRANSACTIONS_PK" ON "PROJECT0"."TRANSACTION_LOG" ("TRANSACTION_ID") 
  PCTFREE 10 INITRANS 2 MAXTRANS 255 COMPUTE STATISTICS 
  STORAGE(INITIAL 65536 NEXT 1048576 MINEXTENTS 1 MAXEXTENTS 2147483645
  PCTINCREASE 0 FREELISTS 1 FREELIST GROUPS 1
  BUFFER_POOL DEFAULT FLASH_CACHE DEFAULT CELL_FLASH_CACHE DEFAULT)
  TABLESPACE "USERS" ;
--------------------------------------------------------
--  DDL for Index USER_ACTIVITY_LOG_PK
--------------------------------------------------------

  CREATE UNIQUE INDEX "PROJECT0"."USER_ACTIVITY_LOG_PK" ON "PROJECT0"."USER_ACTIVITY_LOG" ("EVENT_ID") 
  PCTFREE 10 INITRANS 2 MAXTRANS 255 COMPUTE STATISTICS 
  STORAGE(INITIAL 65536 NEXT 1048576 MINEXTENTS 1 MAXEXTENTS 2147483645
  PCTINCREASE 0 FREELISTS 1 FREELIST GROUPS 1
  BUFFER_POOL DEFAULT FLASH_CACHE DEFAULT CELL_FLASH_CACHE DEFAULT)
  TABLESPACE "USERS" ;
--------------------------------------------------------
--  DDL for Index ACCOUNTS_PK
--------------------------------------------------------

  CREATE UNIQUE INDEX "PROJECT0"."ACCOUNTS_PK" ON "PROJECT0"."ACCOUNTS" ("ACCOUNT_ID") 
  PCTFREE 10 INITRANS 2 MAXTRANS 255 COMPUTE STATISTICS 
  STORAGE(INITIAL 65536 NEXT 1048576 MINEXTENTS 1 MAXEXTENTS 2147483645
  PCTINCREASE 0 FREELISTS 1 FREELIST GROUPS 1
  BUFFER_POOL DEFAULT FLASH_CACHE DEFAULT CELL_FLASH_CACHE DEFAULT)
  TABLESPACE "USERS" ;
--------------------------------------------------------
--  DDL for Index ACCOUNT_CREATION_DELETION_PK
--------------------------------------------------------

  CREATE UNIQUE INDEX "PROJECT0"."ACCOUNT_CREATION_DELETION_PK" ON "PROJECT0"."ACCOUNT_ACTIVITY_LOG" ("EVENT_ID") 
  PCTFREE 10 INITRANS 2 MAXTRANS 255 COMPUTE STATISTICS 
  STORAGE(INITIAL 65536 NEXT 1048576 MINEXTENTS 1 MAXEXTENTS 2147483645
  PCTINCREASE 0 FREELISTS 1 FREELIST GROUPS 1
  BUFFER_POOL DEFAULT FLASH_CACHE DEFAULT CELL_FLASH_CACHE DEFAULT)
  TABLESPACE "USERS" ;
--------------------------------------------------------
--  DDL for Index USERS_UK1
--------------------------------------------------------

  CREATE UNIQUE INDEX "PROJECT0"."USERS_UK1" ON "PROJECT0"."USERS" ("USER_NAME") 
  PCTFREE 10 INITRANS 2 MAXTRANS 255 COMPUTE STATISTICS 
  STORAGE(INITIAL 65536 NEXT 1048576 MINEXTENTS 1 MAXEXTENTS 2147483645
  PCTINCREASE 0 FREELISTS 1 FREELIST GROUPS 1
  BUFFER_POOL DEFAULT FLASH_CACHE DEFAULT CELL_FLASH_CACHE DEFAULT)
  TABLESPACE "USERS" ;
--------------------------------------------------------
--  DDL for Index USERS_PK
--------------------------------------------------------

  CREATE UNIQUE INDEX "PROJECT0"."USERS_PK" ON "PROJECT0"."USERS" ("USER_ID") 
  PCTFREE 10 INITRANS 2 MAXTRANS 255 COMPUTE STATISTICS 
  STORAGE(INITIAL 65536 NEXT 1048576 MINEXTENTS 1 MAXEXTENTS 2147483645
  PCTINCREASE 0 FREELISTS 1 FREELIST GROUPS 1
  BUFFER_POOL DEFAULT FLASH_CACHE DEFAULT CELL_FLASH_CACHE DEFAULT)
  TABLESPACE "USERS" ;
--------------------------------------------------------
--  DDL for Index ACCESS_LEVEL_UK1
--------------------------------------------------------

  CREATE UNIQUE INDEX "PROJECT0"."ACCESS_LEVEL_UK1" ON "PROJECT0"."ACCESS_LEVEL" ("ACCESS_NAME") 
  PCTFREE 10 INITRANS 2 MAXTRANS 255 COMPUTE STATISTICS 
  STORAGE(INITIAL 65536 NEXT 1048576 MINEXTENTS 1 MAXEXTENTS 2147483645
  PCTINCREASE 0 FREELISTS 1 FREELIST GROUPS 1
  BUFFER_POOL DEFAULT FLASH_CACHE DEFAULT CELL_FLASH_CACHE DEFAULT)
  TABLESPACE "USERS" ;
--------------------------------------------------------
--  DDL for Index ACCOUNT_TYPES_PK
--------------------------------------------------------

  CREATE UNIQUE INDEX "PROJECT0"."ACCOUNT_TYPES_PK" ON "PROJECT0"."TYPES" ("TYPE_ID") 
  PCTFREE 10 INITRANS 2 MAXTRANS 255 COMPUTE STATISTICS 
  STORAGE(INITIAL 65536 NEXT 1048576 MINEXTENTS 1 MAXEXTENTS 2147483645
  PCTINCREASE 0 FREELISTS 1 FREELIST GROUPS 1
  BUFFER_POOL DEFAULT FLASH_CACHE DEFAULT CELL_FLASH_CACHE DEFAULT)
  TABLESPACE "USERS" ;
--------------------------------------------------------
--  DDL for Index ACCESS_LEVEL_PK
--------------------------------------------------------

  CREATE UNIQUE INDEX "PROJECT0"."ACCESS_LEVEL_PK" ON "PROJECT0"."ACCESS_LEVEL" ("ACCESS_ID") 
  PCTFREE 10 INITRANS 2 MAXTRANS 255 COMPUTE STATISTICS 
  STORAGE(INITIAL 65536 NEXT 1048576 MINEXTENTS 1 MAXEXTENTS 2147483645
  PCTINCREASE 0 FREELISTS 1 FREELIST GROUPS 1
  BUFFER_POOL DEFAULT FLASH_CACHE DEFAULT CELL_FLASH_CACHE DEFAULT)
  TABLESPACE "USERS" ;
--------------------------------------------------------
--  DDL for Trigger ACCOUNT_ACTIVITY_ID_INSERT
--------------------------------------------------------

  CREATE OR REPLACE TRIGGER "PROJECT0"."ACCOUNT_ACTIVITY_ID_INSERT" 
BEFORE INSERT
ON ACCOUNT_ACTIVITY_LOG
FOR EACH ROW
BEGIN
  /* INCREASE THE SEQUENCE */
  IF :NEW.EVENT_ID IS NULL THEN
    SELECT ACCOUNT_ACTIVITY_LOG_SEQUENCE.NEXTVAL INTO :NEW.EVENT_ID FROM DUAL;
  END IF;
END;
/
ALTER TRIGGER "PROJECT0"."ACCOUNT_ACTIVITY_ID_INSERT" ENABLE;
--------------------------------------------------------
--  DDL for Trigger ACCOUNT_ID_INSERT
--------------------------------------------------------

  CREATE OR REPLACE TRIGGER "PROJECT0"."ACCOUNT_ID_INSERT" 
BEFORE INSERT
ON ACCOUNTS
FOR EACH ROW
BEGIN
  /* INCREASE THE SEQUENCE */
  IF :NEW.ACCOUNT_ID IS NULL THEN
    SELECT ACCOUNT_SEQUENCE.NEXTVAL INTO :NEW.ACCOUNT_ID FROM DUAL;
  END IF;
END;
/
ALTER TRIGGER "PROJECT0"."ACCOUNT_ID_INSERT" ENABLE;
--------------------------------------------------------
--  DDL for Trigger INSERT_ACCOUNT_ACTIVITY_LOG
--------------------------------------------------------

  CREATE OR REPLACE TRIGGER "PROJECT0"."INSERT_ACCOUNT_ACTIVITY_LOG" 
AFTER DELETE OR INSERT
ON ACCOUNTS
FOR EACH ROW
DECLARE
    ACTION VARCHAR2(25);    
    ACCOUNT_ID_LOGGED NUMBER;
    UPDATED_BY_LOGGED  NUMBER;
BEGIN
    IF DELETING THEN 
        ACTION := 'DELETE';
        ACCOUNT_ID_LOGGED := :OLD.ACCOUNT_ID;
        UPDATED_BY_LOGGED := :OLD.UPDATED_BY;
    ELSE              
        ACTION := 'INSERT';
        ACCOUNT_ID_LOGGED := :NEW.ACCOUNT_ID;
        UPDATED_BY_LOGGED := :NEW.UPDATED_BY;
    END IF;
    INSERT INTO ACCOUNT_ACTIVITY_LOG VALUES (null, ACCOUNT_ID_LOGGED, ACTION, UPDATED_BY_LOGGED, SYSDATE);
  NULL;
END;
/
ALTER TRIGGER "PROJECT0"."INSERT_ACCOUNT_ACTIVITY_LOG" ENABLE;
--------------------------------------------------------
--  DDL for Trigger INSERT_TRANSACTION_LOG
--------------------------------------------------------

  CREATE OR REPLACE TRIGGER "PROJECT0"."INSERT_TRANSACTION_LOG" 
AFTER UPDATE
ON ACCOUNTS
FOR EACH ROW
BEGIN
    INSERT INTO TRANSACTION_LOG VALUES (
    null, :NEW.ACCOUNT_ID, :OLD.BALANCE, :NEW.BALANCE, :NEW.UPDATED_BY, SYSDATE);
END;
/
ALTER TRIGGER "PROJECT0"."INSERT_TRANSACTION_LOG" ENABLE;
--------------------------------------------------------
--  DDL for Trigger INSERT_USER_ACTIVITY_LOG
--------------------------------------------------------

  CREATE OR REPLACE TRIGGER "PROJECT0"."INSERT_USER_ACTIVITY_LOG" 
AFTER DELETE OR INSERT OR UPDATE
ON USERS
FOR EACH ROW
DECLARE
    ACTION VARCHAR2(25);
    USER_ID_LOGGED NUMBER;
    UPDATED_BY_LOGGED  NUMBER;
BEGIN
    IF DELETING THEN 
        ACTION := 'DELETE';
        USER_ID_LOGGED := :OLD.USER_ID;
        UPDATED_BY_LOGGED := :OLD.UPDATED_BY;
    ELSIF INSERTING THEN             
        ACTION := 'INSERT';
        USER_ID_LOGGED := :NEW.USER_ID;
        UPDATED_BY_LOGGED := :NEW.UPDATED_BY;
    ELSE
        ACTION := 'UPDATE';
        USER_ID_LOGGED := :NEW.USER_ID;
        UPDATED_BY_LOGGED := :NEW.UPDATED_BY;
    END IF;
    INSERT INTO USER_ACTIVITY_LOG VALUES (null, USER_ID_LOGGED, ACTION, UPDATED_BY_LOGGED, SYSDATE);
  NULL;
END;
/
ALTER TRIGGER "PROJECT0"."INSERT_USER_ACTIVITY_LOG" ENABLE;
--------------------------------------------------------
--  DDL for Trigger TRANSACTION_ID_INSERT
--------------------------------------------------------

  CREATE OR REPLACE TRIGGER "PROJECT0"."TRANSACTION_ID_INSERT" 
BEFORE INSERT
ON TRANSACTION_LOG 
FOR EACH ROW
BEGIN
  /* INCREASE THE SEQUENCE */
  IF :NEW.TRANSACTION_ID IS NULL THEN
    SELECT TRANSACTION_LOG_SEQUENCE.NEXTVAL INTO :NEW.TRANSACTION_ID FROM DUAL;
  END IF;
END;
/
ALTER TRIGGER "PROJECT0"."TRANSACTION_ID_INSERT" ENABLE;
--------------------------------------------------------
--  DDL for Trigger USER_ACCESS_LEVEL_INSERT
--------------------------------------------------------

  CREATE OR REPLACE TRIGGER "PROJECT0"."USER_ACCESS_LEVEL_INSERT" 
AFTER INSERT ON USERS
FOR EACH ROW
BEGIN
    INSERT INTO ACCESS_USERS VALUES (4, :NEW.USER_ID);
END;
/
ALTER TRIGGER "PROJECT0"."USER_ACCESS_LEVEL_INSERT" ENABLE;
--------------------------------------------------------
--  DDL for Trigger USER_ACTIVITY_ID_INSERT
--------------------------------------------------------

  CREATE OR REPLACE TRIGGER "PROJECT0"."USER_ACTIVITY_ID_INSERT" BEFORE INSERT
ON USER_ACTIVITY_LOG
FOR EACH ROW
BEGIN
  /* INCREASE THE SEQUENCE */
  IF :NEW.EVENT_ID IS NULL THEN
    SELECT USER_ACTIVITY_LOG_SEQUENCE.NEXTVAL INTO :NEW.EVENT_ID FROM DUAL;
  END IF;
END;
/
ALTER TRIGGER "PROJECT0"."USER_ACTIVITY_ID_INSERT" ENABLE;
--------------------------------------------------------
--  DDL for Trigger USER_ID_INSERT
--------------------------------------------------------

  CREATE OR REPLACE TRIGGER "PROJECT0"."USER_ID_INSERT" 
BEFORE INSERT
ON USERS
FOR EACH ROW
BEGIN
  /* INCREASE THE SEQUENCE */
  IF :NEW.USER_ID IS NULL THEN
    SELECT USER_SEQUENCE.NEXTVAL INTO :NEW.USER_ID FROM DUAL;
    SELECT USER_SEQUENCE.CURRVAL INTO :NEW.UPDATED_BY FROM DUAL;
  END IF;

  /* SAVE HASH INSTEAD OF PASSWORD */
  SELECT GET_USER_HASH(:NEW.USER_NAME,:NEW.PASSWORD) INTO :NEW.PASSWORD FROM DUAL;
END;
/
ALTER TRIGGER "PROJECT0"."USER_ID_INSERT" ENABLE;
--------------------------------------------------------
--  DDL for Trigger USER_PASSWORD_UPDATE
--------------------------------------------------------

  CREATE OR REPLACE TRIGGER "PROJECT0"."USER_PASSWORD_UPDATE" 
BEFORE UPDATE
ON USERS
FOR EACH ROW
BEGIN
  /* CHECK IF PASSWORD CHANGED */
  IF :NEW.PASSWORD != :OLD.PASSWORD THEN
    /* SAVE HASH INSTEAD OF PASSWORD */
    SELECT GET_USER_HASH(:NEW.USER_NAME,:NEW.PASSWORD) INTO :NEW.PASSWORD FROM DUAL;
  END IF;
END;
/
ALTER TRIGGER "PROJECT0"."USER_PASSWORD_UPDATE" ENABLE;
--------------------------------------------------------
--  DDL for Procedure DELETE_ACCOUNT
--------------------------------------------------------
set define off;

  CREATE OR REPLACE PROCEDURE "PROJECT0"."DELETE_ACCOUNT" 
(
  ACCOUNT_TO_DELETE IN NUMBER 
) AS 
BEGIN
  DELETE FROM ACCOUNTS a WHERE a.ACCOUNT_ID = ACCOUNT_TO_DELETE;
END DELETE_ACCOUNT;

/
--------------------------------------------------------
--  DDL for Procedure DELETE_USER
--------------------------------------------------------
set define off;

  CREATE OR REPLACE PROCEDURE "PROJECT0"."DELETE_USER" 
(
  USER_TO_DELETE IN NUMBER 
) AS 
BEGIN
  DELETE FROM USERS u WHERE u.USER_ID = USER_TO_DELETE;
END DELETE_USER;

/
--------------------------------------------------------
--  DDL for Procedure INSERT_ACCOUNTS
--------------------------------------------------------
set define off;

  CREATE OR REPLACE PROCEDURE "PROJECT0"."INSERT_ACCOUNTS" 
(
  ACCOUNT_ID IN NUMBER DEFAULT null,
  NICK_NAME VARCHAR2,
  BALANCE VARCHAR2,
  TYPE_ID NUMBER,
  UPDATED_BY NUMBER,
  USER_ID NUMBER
) AS 
BEGIN
  INSERT INTO ACCOUNTS VALUES(ACCOUNT_ID, NICK_NAME, BALANCE, TYPE_ID, UPDATED_BY, USER_ID);
END INSERT_ACCOUNTS;

/
--------------------------------------------------------
--  DDL for Procedure INSERT_USER
--------------------------------------------------------
set define off;

  CREATE OR REPLACE PROCEDURE "PROJECT0"."INSERT_USER" 
(
  USER_ID IN NUMBER DEFAULT NULL,
  FIRST_NAME IN VARCHAR2,
  LAST_NAME IN VARCHAR2,
  USER_NAME IN VARCHAR2,
  PASSWORD IN VARCHAR2,
  INSERTED_BY IN NUMBER DEFAULT NULL
) AS 
BEGIN
  INSERT INTO USERS VALUES(USER_ID, USER_NAME, PASSWORD, FIRST_NAME, LAST_NAME, INSERTED_BY);
END INSERT_USER;

/
--------------------------------------------------------
--  DDL for Procedure VALIDATE_PASSWORD
--------------------------------------------------------
set define off;

  CREATE OR REPLACE PROCEDURE "PROJECT0"."VALIDATE_PASSWORD" 
(
  USER_NAME IN VARCHAR2 
, USER_PASS IN VARCHAR2
, IS_VALID OUT INT
) IS
    userP varchar2(50);
    userH varchar2(50);
BEGIN
    SELECT GET_USER_PASSWORD(USER_NAME) INTO userP FROM DUAL;    
    SELECT GET_USER_HASH(USER_NAME, USER_PASS) INTO userH FROM DUAL;   
    
IF (userP = userH)
      THEN
         IS_VALID := 1;
      ELSE
        IS_VALID := 0;
END IF;
END VALIDATE_PASSWORD;

/
--------------------------------------------------------
--  DDL for Function GET_ACCOUNT_TYPE_ID
--------------------------------------------------------

  CREATE OR REPLACE FUNCTION "PROJECT0"."GET_ACCOUNT_TYPE_ID" 
(
  TYPE_NAME IN VARCHAR2 
) RETURN NUMBER AS ID_FOUND VARCHAR2(50);
BEGIN
  SELECT t.TYPE_ID INTO ID_FOUND FROM TYPES t WHERE t.TYPE_NAME = TYPE_NAME;
  RETURN ID_FOUND ;
END GET_ACCOUNT_TYPE_ID;

/
--------------------------------------------------------
--  DDL for Function GET_USER_HASH
--------------------------------------------------------

  CREATE OR REPLACE FUNCTION "PROJECT0"."GET_USER_HASH" (USER_NAME VARCHAR2, PASSWORD VARCHAR2) RETURN VARCHAR2
IS
EXTRA VARCHAR2(10) := 'SHIFT';
BEGIN
  RETURN TO_CHAR(DBMS_OBFUSCATION_TOOLKIT.MD5(
  INPUT => UTL_I18N.STRING_TO_RAW(DATA => USER_NAME || PASSWORD || EXTRA)));
END;

/
--------------------------------------------------------
--  DDL for Function GET_USER_PASSWORD
--------------------------------------------------------

  CREATE OR REPLACE FUNCTION "PROJECT0"."GET_USER_PASSWORD" 
(
  USER_IN IN VARCHAR2 
) 
RETURN VARCHAR2 AS PASSWORD_FOUND VARCHAR2(50);
BEGIN
    SELECT u.PASSWORD INTO PASSWORD_FOUND FROM USERS u WHERE u.USER_NAME = USER_IN;
  RETURN PASSWORD_FOUND ;
END GET_USER_PASSWORD;

/
--------------------------------------------------------
--  Constraints for Table USER_ACTIVITY_LOG
--------------------------------------------------------

  ALTER TABLE "PROJECT0"."USER_ACTIVITY_LOG" MODIFY ("DONE_BY" NOT NULL ENABLE);
  ALTER TABLE "PROJECT0"."USER_ACTIVITY_LOG" ADD CONSTRAINT "USER_ACTIVITY_LOG_PK" PRIMARY KEY ("EVENT_ID")
  USING INDEX PCTFREE 10 INITRANS 2 MAXTRANS 255 COMPUTE STATISTICS 
  STORAGE(INITIAL 65536 NEXT 1048576 MINEXTENTS 1 MAXEXTENTS 2147483645
  PCTINCREASE 0 FREELISTS 1 FREELIST GROUPS 1
  BUFFER_POOL DEFAULT FLASH_CACHE DEFAULT CELL_FLASH_CACHE DEFAULT)
  TABLESPACE "USERS"  ENABLE;
  ALTER TABLE "PROJECT0"."USER_ACTIVITY_LOG" MODIFY ("EVENT_TIME" NOT NULL ENABLE);
  ALTER TABLE "PROJECT0"."USER_ACTIVITY_LOG" MODIFY ("EVENT_TYPE" NOT NULL ENABLE);
  ALTER TABLE "PROJECT0"."USER_ACTIVITY_LOG" MODIFY ("USER_ID" NOT NULL ENABLE);
  ALTER TABLE "PROJECT0"."USER_ACTIVITY_LOG" MODIFY ("EVENT_ID" NOT NULL ENABLE);
--------------------------------------------------------
--  Constraints for Table USERS
--------------------------------------------------------

  ALTER TABLE "PROJECT0"."USERS" ADD CONSTRAINT "USERS_UK1" UNIQUE ("USER_NAME")
  USING INDEX PCTFREE 10 INITRANS 2 MAXTRANS 255 COMPUTE STATISTICS 
  STORAGE(INITIAL 65536 NEXT 1048576 MINEXTENTS 1 MAXEXTENTS 2147483645
  PCTINCREASE 0 FREELISTS 1 FREELIST GROUPS 1
  BUFFER_POOL DEFAULT FLASH_CACHE DEFAULT CELL_FLASH_CACHE DEFAULT)
  TABLESPACE "USERS"  ENABLE;
  ALTER TABLE "PROJECT0"."USERS" MODIFY ("UPDATED_BY" NOT NULL ENABLE);
  ALTER TABLE "PROJECT0"."USERS" MODIFY ("LAST_NAME" NOT NULL ENABLE);
  ALTER TABLE "PROJECT0"."USERS" MODIFY ("FIRST_NAME" NOT NULL ENABLE);
  ALTER TABLE "PROJECT0"."USERS" MODIFY ("USER_ID" NOT NULL ENABLE);
  ALTER TABLE "PROJECT0"."USERS" MODIFY ("USER_NAME" NOT NULL ENABLE);
  ALTER TABLE "PROJECT0"."USERS" MODIFY ("PASSWORD" NOT NULL ENABLE);
  ALTER TABLE "PROJECT0"."USERS" ADD CONSTRAINT "USERS_PK" PRIMARY KEY ("USER_ID")
  USING INDEX PCTFREE 10 INITRANS 2 MAXTRANS 255 COMPUTE STATISTICS 
  STORAGE(INITIAL 65536 NEXT 1048576 MINEXTENTS 1 MAXEXTENTS 2147483645
  PCTINCREASE 0 FREELISTS 1 FREELIST GROUPS 1
  BUFFER_POOL DEFAULT FLASH_CACHE DEFAULT CELL_FLASH_CACHE DEFAULT)
  TABLESPACE "USERS"  ENABLE;
--------------------------------------------------------
--  Constraints for Table TRANSACTION_LOG
--------------------------------------------------------

  ALTER TABLE "PROJECT0"."TRANSACTION_LOG" MODIFY ("EVENT_TIME" NOT NULL ENABLE);
  ALTER TABLE "PROJECT0"."TRANSACTION_LOG" MODIFY ("DONE_BY" NOT NULL ENABLE);
  ALTER TABLE "PROJECT0"."TRANSACTION_LOG" ADD CONSTRAINT "TRANSACTIONS_PK" PRIMARY KEY ("TRANSACTION_ID")
  USING INDEX PCTFREE 10 INITRANS 2 MAXTRANS 255 COMPUTE STATISTICS 
  STORAGE(INITIAL 65536 NEXT 1048576 MINEXTENTS 1 MAXEXTENTS 2147483645
  PCTINCREASE 0 FREELISTS 1 FREELIST GROUPS 1
  BUFFER_POOL DEFAULT FLASH_CACHE DEFAULT CELL_FLASH_CACHE DEFAULT)
  TABLESPACE "USERS"  ENABLE;
  ALTER TABLE "PROJECT0"."TRANSACTION_LOG" MODIFY ("NEW_BALANCE" NOT NULL ENABLE);
  ALTER TABLE "PROJECT0"."TRANSACTION_LOG" MODIFY ("OLD_BALANCE" NOT NULL ENABLE);
  ALTER TABLE "PROJECT0"."TRANSACTION_LOG" MODIFY ("FROM_ACCOUNT" NOT NULL ENABLE);
  ALTER TABLE "PROJECT0"."TRANSACTION_LOG" MODIFY ("TRANSACTION_ID" NOT NULL ENABLE);
--------------------------------------------------------
--  Constraints for Table ACCOUNTS
--------------------------------------------------------

  ALTER TABLE "PROJECT0"."ACCOUNTS" MODIFY ("UPDATED_BY" NOT NULL ENABLE);
  ALTER TABLE "PROJECT0"."ACCOUNTS" MODIFY ("USER_ID" NOT NULL ENABLE);
  ALTER TABLE "PROJECT0"."ACCOUNTS" MODIFY ("TYPE_ID" NOT NULL ENABLE);
  ALTER TABLE "PROJECT0"."ACCOUNTS" MODIFY ("ACCOUNT_ID" NOT NULL ENABLE);
  ALTER TABLE "PROJECT0"."ACCOUNTS" MODIFY ("NICK_NAME" NOT NULL ENABLE);
  ALTER TABLE "PROJECT0"."ACCOUNTS" MODIFY ("BALANCE" NOT NULL ENABLE);
  ALTER TABLE "PROJECT0"."ACCOUNTS" ADD CONSTRAINT "ACCOUNTS_PK" PRIMARY KEY ("ACCOUNT_ID")
  USING INDEX PCTFREE 10 INITRANS 2 MAXTRANS 255 COMPUTE STATISTICS 
  STORAGE(INITIAL 65536 NEXT 1048576 MINEXTENTS 1 MAXEXTENTS 2147483645
  PCTINCREASE 0 FREELISTS 1 FREELIST GROUPS 1
  BUFFER_POOL DEFAULT FLASH_CACHE DEFAULT CELL_FLASH_CACHE DEFAULT)
  TABLESPACE "USERS"  ENABLE;
--------------------------------------------------------
--  Constraints for Table TYPES
--------------------------------------------------------

  ALTER TABLE "PROJECT0"."TYPES" MODIFY ("TYPE_ID" NOT NULL ENABLE);
  ALTER TABLE "PROJECT0"."TYPES" MODIFY ("TYPE_NAME" NOT NULL ENABLE);
  ALTER TABLE "PROJECT0"."TYPES" ADD CONSTRAINT "ACCOUNT_TYPES_PK" PRIMARY KEY ("TYPE_ID")
  USING INDEX PCTFREE 10 INITRANS 2 MAXTRANS 255 COMPUTE STATISTICS 
  STORAGE(INITIAL 65536 NEXT 1048576 MINEXTENTS 1 MAXEXTENTS 2147483645
  PCTINCREASE 0 FREELISTS 1 FREELIST GROUPS 1
  BUFFER_POOL DEFAULT FLASH_CACHE DEFAULT CELL_FLASH_CACHE DEFAULT)
  TABLESPACE "USERS"  ENABLE;
--------------------------------------------------------
--  Constraints for Table ACCESS_LEVEL
--------------------------------------------------------

  ALTER TABLE "PROJECT0"."ACCESS_LEVEL" MODIFY ("ACCESS_ID" NOT NULL ENABLE);
  ALTER TABLE "PROJECT0"."ACCESS_LEVEL" MODIFY ("ACCESS_NAME" NOT NULL ENABLE);
  ALTER TABLE "PROJECT0"."ACCESS_LEVEL" ADD CONSTRAINT "ACCESS_LEVEL_PK" PRIMARY KEY ("ACCESS_ID")
  USING INDEX PCTFREE 10 INITRANS 2 MAXTRANS 255 COMPUTE STATISTICS 
  STORAGE(INITIAL 65536 NEXT 1048576 MINEXTENTS 1 MAXEXTENTS 2147483645
  PCTINCREASE 0 FREELISTS 1 FREELIST GROUPS 1
  BUFFER_POOL DEFAULT FLASH_CACHE DEFAULT CELL_FLASH_CACHE DEFAULT)
  TABLESPACE "USERS"  ENABLE;
  ALTER TABLE "PROJECT0"."ACCESS_LEVEL" ADD CONSTRAINT "ACCESS_LEVEL_UK1" UNIQUE ("ACCESS_NAME")
  USING INDEX PCTFREE 10 INITRANS 2 MAXTRANS 255 COMPUTE STATISTICS 
  STORAGE(INITIAL 65536 NEXT 1048576 MINEXTENTS 1 MAXEXTENTS 2147483645
  PCTINCREASE 0 FREELISTS 1 FREELIST GROUPS 1
  BUFFER_POOL DEFAULT FLASH_CACHE DEFAULT CELL_FLASH_CACHE DEFAULT)
  TABLESPACE "USERS"  ENABLE;
--------------------------------------------------------
--  Constraints for Table ACCESS_USERS
--------------------------------------------------------

  ALTER TABLE "PROJECT0"."ACCESS_USERS" MODIFY ("ACCESS_ID" NOT NULL ENABLE);
  ALTER TABLE "PROJECT0"."ACCESS_USERS" MODIFY ("USER_ID" NOT NULL ENABLE);
--------------------------------------------------------
--  Constraints for Table ACCOUNT_ACTIVITY_LOG
--------------------------------------------------------

  ALTER TABLE "PROJECT0"."ACCOUNT_ACTIVITY_LOG" MODIFY ("DONE_BY" NOT NULL ENABLE);
  ALTER TABLE "PROJECT0"."ACCOUNT_ACTIVITY_LOG" ADD CONSTRAINT "ACCOUNT_CREATION_DELETION_PK" PRIMARY KEY ("EVENT_ID")
  USING INDEX PCTFREE 10 INITRANS 2 MAXTRANS 255 COMPUTE STATISTICS 
  STORAGE(INITIAL 65536 NEXT 1048576 MINEXTENTS 1 MAXEXTENTS 2147483645
  PCTINCREASE 0 FREELISTS 1 FREELIST GROUPS 1
  BUFFER_POOL DEFAULT FLASH_CACHE DEFAULT CELL_FLASH_CACHE DEFAULT)
  TABLESPACE "USERS"  ENABLE;
  ALTER TABLE "PROJECT0"."ACCOUNT_ACTIVITY_LOG" MODIFY ("EVENT_TIME" NOT NULL ENABLE);
  ALTER TABLE "PROJECT0"."ACCOUNT_ACTIVITY_LOG" MODIFY ("EVENT_TYPE" NOT NULL ENABLE);
  ALTER TABLE "PROJECT0"."ACCOUNT_ACTIVITY_LOG" MODIFY ("ACCOUNT_ID" NOT NULL ENABLE);
  ALTER TABLE "PROJECT0"."ACCOUNT_ACTIVITY_LOG" MODIFY ("EVENT_ID" NOT NULL ENABLE);
--------------------------------------------------------
--  Ref Constraints for Table ACCESS_USERS
--------------------------------------------------------

  ALTER TABLE "PROJECT0"."ACCESS_USERS" ADD CONSTRAINT "PERMISSIONS_FK1" FOREIGN KEY ("USER_ID")
	  REFERENCES "PROJECT0"."USERS" ("USER_ID") ON DELETE CASCADE ENABLE;
  ALTER TABLE "PROJECT0"."ACCESS_USERS" ADD CONSTRAINT "PERMISSIONS_FK2" FOREIGN KEY ("ACCESS_ID")
	  REFERENCES "PROJECT0"."ACCESS_LEVEL" ("ACCESS_ID") ON DELETE CASCADE ENABLE;
--------------------------------------------------------
--  Ref Constraints for Table ACCOUNTS
--------------------------------------------------------

  ALTER TABLE "PROJECT0"."ACCOUNTS" ADD CONSTRAINT "ACCOUNTS_FK1" FOREIGN KEY ("UPDATED_BY")
	  REFERENCES "PROJECT0"."USERS" ("USER_ID") ENABLE;
  ALTER TABLE "PROJECT0"."ACCOUNTS" ADD CONSTRAINT "ACCOUNTS_FK2" FOREIGN KEY ("USER_ID")
	  REFERENCES "PROJECT0"."USERS" ("USER_ID") ON DELETE CASCADE ENABLE;
